City,PM2.5,PM10,NO,NO2,NOx,NH3,CO,SO2,O3,Benzene,Toluene,Xylene,AQI,AQI_Bucket
Ahmedabad,0,0,0.92,18.22,17.15,0,0.92,27.64,133.36,0,0.02,0,0,0
Ahmedabad,0,0,0.97,15.69,16.46,0,0.97,24.55,34.06,3.68,5.5,3.77,0,0
Ahmedabad,0,0,17.4,19.3,29.7,0,17.4,29.07,30.7,6.8,16.4,2.25,0,0
Ahmedabad,0,0,1.7,18.48,17.97,0,1.7,18.59,36.08,4.43,10.14,1,0,0
Ahmedabad,0,0,22.1,21.42,37.76,0,22.1,39.33,39.31,7.01,18.89,2.78,0,0
Ahmedabad,0,0,45.41,38.48,81.5,0,45.41,45.76,46.51,5.42,10.83,1.93,0,0
Ahmedabad,0,0,112.16,40.62,130.77,0,112.16,32.28,33.47,0,0,0,0,0
Ahmedabad,0,0,80.87,36.74,96.75,0,80.87,38.54,31.89,0,0,0,0,0
Ahmedabad,0,0,29.16,31,48,0,29.16,58.68,25.75,0,0,0,0,0
Ahmedabad,0,0,0,7.04,0,0,0,8.29,4.55,0,0,0,0,0
Ahmedabad,0,0,132.07,55.8,24.53,0,132.07,25.03,6.79,0,0,0,0,0
Ahmedabad,0,0,52.04,40.67,90.24,0,52.04,51.84,45.89,2.41,0.03,7.88,0,0
Ahmedabad,0,0,48.82,44.2,87.09,0,48.82,68.21,35.16,9.45,13.35,12.5,0,0
Ahmedabad,0,0,19.2,27.86,33.05,0,19.2,52.65,20.96,2.16,2.26,5.19,0,0
Ahmedabad,0,0,0.6,16.96,16.6,0,0.6,28.89,47.63,0.14,0.04,1.35,0,0
Ahmedabad,0,0,1.63,21.72,22.86,0,1.63,38.27,46.03,0.35,0.05,2.01,0,0
Ahmedabad,0,0,11.44,24.73,34.75,0,11.44,49.5,52.24,0.68,0,3.27,0,0
Ahmedabad,0,0,6.1,25.77,29.57,0,6.1,48.43,53.49,0.74,0.21,2.75,0,0
Ahmedabad,0,0,2.51,26.88,27.45,0,2.51,50.03,49.48,0.26,0.02,2.8,0,0
Ahmedabad,0,0,7.92,26.8,32.4,0,7.92,58.87,56.37,0.24,0.01,3.97,0,0
Ahmedabad,0,0,9.52,33.56,39.28,0,9.52,106.93,48.75,0.33,0,5.65,0,0
Ahmedabad,0,0,9.05,17.51,22.33,0,9.05,23.71,42.22,0,0,4.51,0,0
Ahmedabad,0,0,22.53,27.96,47.79,0,22.53,39.19,32.92,0.39,0,5.95,0,0
Ahmedabad,0,0,2.03,20.39,21.4,0,2.03,40.07,32.49,0.47,0.7,1.54,0,0
Ahmedabad,0,0,1.42,20.43,20.19,0,1.42,58.41,39.26,0.01,0,0.94,0,0
Ahmedabad,0,0,2.27,21.16,21.81,0,2.27,43.73,39.83,0.06,0,1.55,0,0
Ahmedabad,0,0,2.19,21.7,23.26,0,2.19,43.28,41.1,0.02,0,1.65,0,0
Ahmedabad,73.24,0,5.72,21.11,25.84,0,5.72,36.52,62.42,0.03,0.01,1.41,0,0
Ahmedabad,83.13,0,6.93,28.71,33.72,0,6.93,49.52,59.76,0.02,0,3.14,209,Poor
Ahmedabad,79.84,0,13.85,28.68,41.08,0,13.85,48.49,97.07,0.04,0,4.81,328,Very Poor
Ahmedabad,94.52,0,24.39,32.66,52.61,0,24.39,67.39,111.33,0.24,0.01,7.67,514,Severe
Ahmedabad,135.99,0,43.48,42.08,84.57,0,43.48,75.23,102.7,0.4,0.04,25.87,782,Severe
Ahmedabad,178.33,0,54.56,35.31,72.8,0,54.56,55.04,107.38,0.46,0.06,35.61,914,Severe
Ahmedabad,139.7,0,30.61,28.4,56.73,0,30.61,33.79,73.6,0.17,0.03,11.87,660,Severe
Ahmedabad,80.65,0,2.37,22.83,24,0,2.37,25.73,47.3,0,0,0,294,Poor
Ahmedabad,58.36,0,2.6,21.39,23.31,0,2.6,32.66,53.54,0,0,0,149,Moderate
Ahmedabad,79.29,0,1.16,26.94,26.83,0,1.16,67.41,59.3,0,0,0,190,Moderate
Ahmedabad,88.7,0,7.29,31.32,37.73,0,7.29,80.09,44.76,0,0,0,247,Poor
Ahmedabad,74.28,0,8.92,27.3,33.42,0,8.92,54.28,47.42,0,0,0.27,379,Very Poor
Ahmedabad,113.93,0,4.32,24.27,26.86,0,4.32,48.73,39.94,0.02,0,3.55,341,Very Poor
Ahmedabad,105.39,0,1.41,18.21,18.75,0,1.41,35.91,56.15,0,0,3.31,256,Poor
Ahmedabad,66.52,0,6.34,23.8,28.24,0,6.34,66.58,53.14,9.7,9.63,16.49,388,Very Poor
Ahmedabad,65.04,0,14.19,30.1,44.21,0,14.19,65.91,31.88,7.72,17.46,2.51,288,Poor
Ahmedabad,103.36,0,18.18,39.56,57.33,0,18.18,80.43,40.11,11.29,24.35,3.35,510,Severe
Ahmedabad,177.33,0,37.49,47.58,77.85,0,37.49,99.72,36.47,17,52.66,6.98,761,Severe
Ahmedabad,113.25,0,15.55,30.5,44.87,0,15.55,69.71,33.78,10.47,28.53,3.22,475,Severe
Ahmedabad,99.7,0,19.85,28.1,47.31,0,19.85,73.23,30.57,10.28,31.25,4,536,Severe
Ahmedabad,80.61,0,15.96,21.04,35.67,0,15.96,54.7,36.2,8.14,18.75,2.52,479,Severe
Ahmedabad,100.79,0,16.24,25.93,41.91,0,16.24,43.11,37.43,10,32.41,4.04,592,Severe
Ahmedabad,107.99,0,11.25,30.09,40.47,0,11.25,84.86,31.94,9.2,24.03,3.25,427,Severe
Ahmedabad,140.29,0,33.84,36.14,68.85,0,33.84,101.53,40.98,20.12,43.51,7.48,588,Severe
Ahmedabad,239.96,0,61.95,46.25,106.92,0,61.95,84.87,33.55,22.14,53.98,15.44,1141,Severe
Ahmedabad,142.96,0,45.45,48.21,92.32,0,45.45,62.96,34.77,7.35,22.4,8.47,669,Severe
Ahmedabad,238.41,0,77.7,55.07,131.32,0,77.7,89.07,37.3,50.61,163.64,28.46,1247,Severe
Ahmedabad,118.72,0,12.56,32.01,42.56,0,12.56,61.54,38.8,16.89,46.52,6.05,411,Severe
Ahmedabad,52.99,0,2.23,10.45,10.39,0,2.23,32.76,67.25,3.85,11.39,0.81,292,Poor
Ahmedabad,0,0,0,0,0,0,0,0,0,0,0,0,0,0
Ahmedabad,0,0,0,0,0,0,0,0,0,0,0,0,0,0
Ahmedabad,0,0,0,0,0,0,0,0,0,0,0,0,0,0
Ahmedabad,61.12,0,3.58,16.81,20.92,0,3.58,28.44,30.48,2.69,1.58,1.32,0,0
Ahmedabad,60.78,0,9.07,18.21,27.34,0,9.07,29.48,34.75,2.05,0.55,0.22,189,Moderate
Ahmedabad,91.83,0,12.99,28.71,40.76,0,12.99,39.71,38.46,2.69,1.74,2.25,408,Severe
Ahmedabad,93.88,0,18.21,29.38,47.01,0,18.21,62.75,46.79,5.21,2.55,1.55,383,Very Poor
Ahmedabad,173.01,0,48.44,42.27,90.73,0,48.44,78.76,59.39,9.72,9.96,4.13,780,Severe
Ahmedabad,0,0,0,0,0,0,0,0,0,0,0,0,0,0
Ahmedabad,105.45,0,2.5,16.1,18.66,0,2.5,29.29,69.9,17.77,5.75,0.39,0,0
Ahmedabad,71.56,0,3.51,16.83,20.32,0,3.51,30.28,57.16,3.95,8.01,0.63,190,Moderate
Ahmedabad,119.8,0,4.13,24.07,27.9,0,4.13,50.35,50.49,4.85,12.15,1.35,233,Poor
Ahmedabad,106.71,0,5.39,25.59,30.51,0,5.39,38.85,60.17,5.58,14.17,1.74,297,Poor
Ahmedabad,118.49,0,4.11,28.94,31.83,0,4.11,54.2,53.61,7.9,21.32,2.78,330,Very Poor
Ahmedabad,106.01,0,4.28,27.31,30.54,0,4.28,70.29,40.91,9.45,15.54,1.71,252,Poor
Ahmedabad,97.34,0,3.67,21.58,24.62,0,3.67,64.39,45.69,5.61,15.02,2.25,244,Poor
Ahmedabad,83.92,0,6.42,25.03,30.8,0,6.42,67.53,34.94,8.24,21.47,3.09,234,Poor
Ahmedabad,49.51,0,3.1,14.16,16.15,0,3.1,48.33,37.95,4.34,11.34,1.09,219,Poor
Ahmedabad,30.76,0,2.72,14.14,16.98,0,2.72,43.62,54.78,3.58,9.38,0.84,118,Moderate
Ahmedabad,50.29,0,5.34,29.84,33.28,0,5.34,59.23,45.44,5.45,15.12,1.65,231,Poor
Ahmedabad,57.69,0,25.36,29.48,54.79,0,25.36,58.33,52.87,9.55,32.11,4.53,286,Poor
Ahmedabad,105.06,0,46.24,37.05,82.23,0,46.24,53.62,45.65,20.89,75.36,12.7,883,Severe
Ahmedabad,94.1,0,22.14,36.53,57.49,0,22.14,61.31,46.77,17.5,52.01,7.9,720,Severe
Ahmedabad,111.89,0,22.25,43.29,64.53,0,22.25,66.44,50.57,18.03,56.86,8.86,570,Severe
Ahmedabad,108.59,0,25.38,39.34,63.01,0,25.38,75.8,46.68,15.78,48.41,7.07,589,Severe
Ahmedabad,130.76,0,45.61,41.03,85.76,0,45.61,65.77,41.58,24.12,85.31,12.56,818,Severe
Ahmedabad,143.55,0,27.3,31.15,57.16,0,27.3,50.98,35.38,18.61,72.78,10.15,737,Severe
Ahmedabad,165.07,0,23.83,34.48,57.71,0,23.83,64.32,43.79,29.14,64.01,8.51,585,Severe
Ahmedabad,166.85,0,17.93,43.3,60.07,0,17.93,79.71,53.44,24.09,67.38,9.76,616,Severe
Ahmedabad,147.38,0,6.4,35.82,40.22,0,6.4,46.89,17.94,14.23,41.88,5.7,437,Severe
Ahmedabad,158.25,0,5.86,27.89,32.65,0,5.86,142.36,38.54,13.67,21.24,2.83,321,Very Poor
Ahmedabad,237.76,0,4.99,21.8,25.37,0,4.99,96.28,39.77,8.68,14.95,1.28,372,Very Poor
Ahmedabad,133.37,0,3.88,17.99,21.02,0,3.88,57.34,39.66,5.76,11.74,1.04,339,Very Poor
Ahmedabad,133.3,0,6.52,20,26.18,0,6.52,51.58,59.03,9.94,21.13,2.31,339,Very Poor
Ahmedabad,96.04,0,3.8,20.07,23.46,0,3.8,62.42,46.61,7.54,13.44,1.65,324,Very Poor
Ahmedabad,77.69,0,5.24,18.87,23.06,0,5.24,100.48,27.14,9.49,11.77,1.6,222,Poor
Ahmedabad,53.07,0,4.17,13.82,17.45,0,4.17,40.36,21.76,4.47,6.94,0.42,169,Moderate
Ahmedabad,63.11,0,5.63,15.5,18.49,0,5.63,38.21,4.72,5.2,8.17,0.73,220,Poor
Ahmedabad,156.76,0,3.92,16.7,20.97,0,3.92,26.32,37.11,3.88,10.78,0.97,0,0
Ahmedabad,120.96,0,4.23,20.86,25.02,0,4.23,35.54,35.66,6.05,15.85,1.68,303,Very Poor
Ahmedabad,138.63,0,5.65,25.47,30.67,0,5.65,87.43,29.77,11.25,24.67,3.12,314,Very Poor
Ahmedabad,144.36,0,15.82,30.69,46.1,0,15.82,66.39,27.34,17.22,49.56,7.71,378,Very Poor
Ahmedabad,85.03,0,3.3,26.7,27.41,0,3.3,59.16,35.89,7.58,29.19,4.08,415,Severe
Ahmedabad,134.6,0,5.9,26.27,28.7,0,5.9,34.53,7,0,0,0,0,0
Ahmedabad,61.06,0,3.52,14.03,17.59,0,3.52,8.08,19.54,0,0,0.01,126,Moderate
Ahmedabad,39.42,0,5.28,19.56,24.66,0,5.28,17.66,31.3,0,0,0,175,Moderate
Ahmedabad,111.86,0,3.89,22.51,25.17,0,3.89,15.84,31.23,0,0,0,226,Poor
Ahmedabad,58.37,0,5.74,21.71,27.69,0,5.74,25.9,43.92,2.15,10.46,5.4,244,Poor
Ahmedabad,95.37,0,18.01,26.23,44.34,0,18.01,13.59,41.64,1.21,3.28,20.78,315,Very Poor
Ahmedabad,141.3,0,30.8,36.88,66.53,0,30.8,41.06,37.66,0.66,0.01,28.13,678,Severe
Ahmedabad,106.68,0,19.91,46.38,54.77,0,19.91,31.56,48.49,1.67,0,15.95,774,Severe
Ahmedabad,109.48,0,4.3,20.27,22.86,0,4.3,46.6,31.34,0.05,0,6.19,285,Poor
Ahmedabad,126.04,0,6.99,20.18,26.78,0,6.99,79.56,28.71,0.2,0,6.4,321,Very Poor
Ahmedabad,71.22,0,16.73,21.32,37.58,0,16.73,50.09,28.39,1.38,23.54,6.09,358,Very Poor
Ahmedabad,97.87,0,6.3,17.96,23.45,0,6.3,13.85,34.16,0.21,4.91,2.95,357,Very Poor
Ahmedabad,63.38,0,3.44,13.28,15.44,0,3.44,24.79,43.62,0,0,1.23,189,Moderate
Ahmedabad,75.29,0,3.35,14.29,17.97,0,3.35,76.05,60.71,0,0.01,2.27,0,0
Ahmedabad,80.9,0,5.7,18.62,24.23,0,5.7,65.44,22.8,0.05,0.09,3.46,214,Poor
Ahmedabad,103.29,0,4.55,19.82,23.69,0,4.55,85.42,22.18,0.06,1.17,2.58,253,Poor
Ahmedabad,107.5,0,5.29,15.56,19.73,0,5.29,74.37,10.12,0.09,0.16,2.91,239,Poor
Ahmedabad,161.14,0,3.11,14.77,16.12,0,3.11,118.35,59.73,0,2.55,0,0,0
Ahmedabad,102.58,0,3.88,12.74,16.82,0,3.88,41.94,26.89,0.02,6.4,0.76,0,0
Ahmedabad,138.42,0,5.05,16.7,21.56,0,5.05,77.74,27.18,0.01,0.88,2.01,300,Poor
Ahmedabad,129.04,0,5.69,14.86,19.66,0,5.69,78.27,18.67,0,0,1.54,317,Very Poor
Ahmedabad,96.65,0,4.67,15.9,20.53,0,4.67,39.41,11.83,0.01,0,3.11,240,Poor
Ahmedabad,126.77,0,15.69,23.93,39.73,0,15.69,93.18,36.71,0.22,0.04,10,344,Very Poor
Ahmedabad,106.15,0,13.12,23.02,35.05,0,13.12,65.95,81.6,0.3,0.02,9.69,503,Severe
Ahmedabad,86.31,0,2.69,10.5,10.9,0,2.69,50.13,90.54,0.47,0.15,12.8,308,Very Poor
Ahmedabad,83.99,0,2.73,0.08,2.75,0,2.73,34.06,69.57,0.28,0.05,8.97,227,Poor
Ahmedabad,65.11,0,3.14,4.58,6.75,0,3.14,22.27,32.26,0.17,0.04,5.84,120,Moderate
Ahmedabad,51.03,0,6.24,20.47,26.2,0,6.24,15.5,31.44,0,0,1.29,158,Moderate
Ahmedabad,38.73,0,8,19.28,26.61,0,8,20.13,25.7,0,0,2.08,177,Moderate
Ahmedabad,61.12,0,9.94,17.82,27.18,0,9.94,39.69,25.9,0,0,3.49,201,Poor
Ahmedabad,58.44,0,10.68,17.24,27.38,0,10.68,54.69,18.89,0,0,1.39,211,Poor
Ahmedabad,61.49,0,11.44,16.69,27.61,0,11.44,42.66,18.2,0.01,0,2.59,221,Poor
Ahmedabad,65.39,0,12.3,16.08,27.86,0,12.3,27.96,22.35,0,0,2.29,233,Poor
Ahmedabad,100.92,0,20.42,18.9,37.83,0,20.42,31.9,22.84,4.9,19.26,8.21,481,Severe
Ahmedabad,97.48,0,5.31,30.02,33.62,0,5.31,36.05,16.26,10.6,34.91,3.85,352,Very Poor
Ahmedabad,129.27,0,14.28,28.33,41.92,0,14.28,70.13,25.4,16.9,44.19,4.97,327,Very Poor
Ahmedabad,129.58,0,21.23,28.79,45.4,0,21.23,17.66,34.42,20.53,85.73,11.56,577,Severe
Ahmedabad,100.57,0,7.56,18.79,24.33,0,7.56,38.76,38.83,4.92,17.94,1.54,411,Severe
Ahmedabad,130.34,0,7.14,17.43,23.72,0,7.14,52.07,29.05,5.05,14,1.3,212,Poor
Ahmedabad,53.24,0,8.05,15.86,23.34,0,8.05,36.23,21.58,5.23,15,1.02,280,Poor
Ahmedabad,42,0,10.44,18.16,21.8,0,10.44,17,25.5,0,0,0,162,Moderate
Ahmedabad,50.1,0,9.46,14.9,22.5,0,9.46,30.67,12.91,0.41,1.89,1.44,0,0
Ahmedabad,83.69,0,10.89,17.18,27.15,0,10.89,41.12,35.61,12.62,20.2,17.84,569,Severe
Ahmedabad,38.88,0,2.18,16.28,17.74,0,2.18,26.4,12.47,3,6.96,6.37,128,Moderate
Ahmedabad,46.89,0,2.96,16.17,18.49,0,2.96,41.96,10.74,3.41,8.87,3.53,129,Moderate
Ahmedabad,70.96,0,4.12,15.47,19.28,0,4.12,23.67,16.01,3.72,8.13,4.06,152,Moderate
Ahmedabad,53.66,0,4.23,14.43,18.06,0,4.23,14.46,45.64,2.39,6.4,3.53,176,Moderate
Ahmedabad,45.49,0,4.26,13.73,17.1,0,4.26,12.85,71.85,2.5,5.96,3.36,167,Moderate
Ahmedabad,60.86,0,5.27,16.61,21.42,0,5.27,14.91,41.19,3.03,9.18,6.54,106,Moderate
Ahmedabad,51.93,0,13.71,17.87,31.64,0,13.71,15.33,12.88,6.32,19.17,10.57,231,Poor
Ahmedabad,77.87,0,6.67,17.12,23,0,6.67,46.82,16.67,4.79,9.78,5.1,327,Very Poor
Ahmedabad,57.59,0,5.6,15.47,20.42,0,5.6,41.68,25.51,2.64,6.3,3.08,174,Moderate
Ahmedabad,77.22,0,7.02,15.47,21.13,0,7.02,71.97,9.56,3.74,8.45,1.17,185,Moderate
Ahmedabad,45.29,0,7.25,12.74,19.66,0,7.25,18.64,6.32,2.73,6.99,0.76,179,Moderate
Ahmedabad,103.78,0,6.36,13.9,19.86,0,6.36,7.76,15.27,0.82,1.37,0.81,211,Poor
Ahmedabad,25.14,0,6.01,18.73,24.74,0,6.01,38.05,38.52,0,0,0,192,Moderate
Ahmedabad,87.03,0,8.05,17.88,25.53,0,8.05,23.84,48.22,0,0,0,310,Very Poor
Ahmedabad,89.6,0,6.59,19.84,25.9,0,6.59,48.05,44.78,0,0,0,223,Poor
Ahmedabad,80.69,0,6.86,16.07,22.25,0,6.86,39.85,32.65,0,0,0,192,Moderate
Ahmedabad,44.75,0,7.76,16.53,24.29,0,7.76,9.89,8.07,0,0,0,191,Moderate
Ahmedabad,38.11,0,7.41,11.62,19.03,0,7.41,3.13,6.69,2.5,5.93,0.74,184,Moderate
Ahmedabad,45.5,0,8.56,15.59,24.15,0,8.56,0.76,3.82,5.09,8.52,1.82,220,Poor
Ahmedabad,36.98,0,8.21,11.52,19.74,0,8.21,0.52,5.17,3.63,8.16,1.33,215,Poor
Ahmedabad,43.58,0,8.26,13.33,21.58,0,8.26,1.02,7.56,3.59,6.79,1.5,226,Poor
Ahmedabad,45.49,0,9.63,14.91,24.53,0,9.63,0.81,2.94,3.67,6.62,1.17,251,Poor
Ahmedabad,38.06,0,8.67,18.57,27.25,0,8.67,1.05,4.63,2.85,5.12,0.74,216,Poor
Ahmedabad,45.41,0,9.35,20.55,29.9,0,9.35,0.74,4.5,2.83,7.18,0.82,237,Poor
Ahmedabad,37.71,0,8.54,16.26,24.8,0,8.54,0.87,4.6,2.52,7.61,0.81,198,Moderate
Ahmedabad,32.37,0,7.53,14.36,21.89,0,7.53,2.17,12.17,1.88,7.92,0.69,195,Moderate
Ahmedabad,34.74,0,7.59,13.51,21.11,0,7.59,4.11,12.22,1.82,6.19,0.47,187,Moderate
Ahmedabad,32.56,0,7.34,13.91,21.25,0,7.34,4.04,11.85,2.55,9.3,0.97,181,Moderate
Ahmedabad,29.28,0,7.55,11.68,19.23,0,7.55,4.01,12.64,1.64,7,0.62,179,Moderate
Ahmedabad,20.46,0,7.15,10.61,17.76,0,7.15,5.62,12.7,1.26,5.17,0.32,188,Moderate
Ahmedabad,26.07,0,7.99,11.07,19.06,0,7.99,4.1,10.57,1.5,6.9,0.63,190,Moderate
Ahmedabad,21.43,0,7.45,11.16,18.62,0,7.45,4.99,7.38,1.4,6.69,0.76,185,Moderate
Ahmedabad,11.91,0,7.34,10.1,17.44,0,7.34,10.86,5.47,1.3,12.23,0.73,189,Moderate
Ahmedabad,57.75,0,8.68,9.68,18.36,0,8.68,12.28,3.06,1.98,6.51,0.74,196,Moderate
Ahmedabad,66.39,0,8.58,12.79,21.36,0,8.58,11.09,4.96,1.76,6.18,0.57,201,Poor
Ahmedabad,62.61,0,9.15,9.83,18.98,0,9.15,12.31,6.44,1.87,5.47,0.37,231,Poor
Ahmedabad,47.5,0,8.07,9.53,17.59,0,8.07,13.91,7.28,1.34,3.97,0.12,196,Moderate
Ahmedabad,111.8,0,9.23,11.51,20.74,0,9.23,5.27,5.99,1.84,5.69,0.28,220,Poor
Ahmedabad,30,0,8.87,13.59,22.64,0,8.87,8.09,6.31,1.32,4.59,0.16,244,Poor
Ahmedabad,4.66,0,9.01,10.9,20.36,0,9.01,7.31,6.38,1.27,3.94,0.13,223,Poor
Ahmedabad,48.72,0,9.56,11.94,21.5,0,9.56,5.72,6.61,1.77,4.96,0.39,230,Poor
Ahmedabad,49.7,0,9.43,9.81,19.23,0,9.43,6.78,6.42,2,4.79,0.31,243,Poor
Ahmedabad,48.1,0,8.03,9.53,17.57,0,8.03,9.33,7.6,1.68,4.41,0.18,215,Poor
Ahmedabad,47.43,0,8.11,9.45,17.56,0,8.11,7.93,7.08,2.1,3.6,0.13,199,Moderate
Ahmedabad,51.74,0,8.91,12.38,21.28,0,8.91,10.05,5.78,2.15,3.64,0.27,200,Moderate
Ahmedabad,42.68,0,9.74,11.08,20.82,0,9.74,10.87,4.44,1.62,4.96,0.39,226,Poor
Ahmedabad,38.45,0,10.55,7.8,18.35,0,10.55,10.28,3.24,2.46,4.79,0.41,241,Poor
Ahmedabad,46.69,0,11.48,0.17,11.64,0,11.48,10.25,5.76,1.77,4.34,0.15,222,Poor
Ahmedabad,55.27,0,11.55,0.12,11.66,0,11.55,12.7,6.55,1.69,4.17,0.22,223,Poor
Ahmedabad,149.03,0,11.49,0.16,11.65,0,11.49,10.07,7.27,1.71,5.72,0.19,248,Poor
Ahmedabad,86.57,0,11.47,0.17,11.64,0,11.47,11.09,6.53,1.57,3.85,0.09,300,Poor
Ahmedabad,111.77,0,11.3,0.24,11.53,0,11.3,7.73,4.67,1.72,4.52,0.16,232,Poor
Ahmedabad,151.4,0,10.8,0.36,11.16,0,10.8,7.8,5.46,0.95,3.54,0.12,330,Very Poor
Ahmedabad,51.35,0,8,2.69,10.67,0,8,10,5.76,1.54,4.32,0.35,223,Poor
Ahmedabad,65.37,0,0.64,8.07,8.57,0,0.64,16.31,8.02,1.63,4.34,0.28,105,Moderate
Ahmedabad,56.28,0,0.6,8.02,8.51,0,0.6,18.93,6.2,1.52,3.74,0.29,101,Moderate
Ahmedabad,48.17,0,0.65,8,8.55,0,0.65,18.99,7.97,1.23,4.74,0.12,93,Satisfactory
Ahmedabad,33.56,0,0.72,7.89,8.56,0,0.72,11.28,10.18,0.61,3.85,0.08,67,Satisfactory
Ahmedabad,31.3,0,0.55,8.1,8.49,0,0.55,10.29,7.44,0.52,2.31,0.06,60,Satisfactory
Ahmedabad,48.12,0,0.67,7.9,8.43,0,0.67,1.28,6.3,5,21.75,1.54,0,0
Ahmedabad,57.11,0,0.55,8.28,8.42,0,0.55,14.58,2.6,2.81,14.53,1.87,90,Satisfactory
Ahmedabad,34.72,0,0.1,9.73,7.88,0,0.1,13.62,4.87,1.44,5.22,0.38,78,Satisfactory
Ahmedabad,29.22,0,0.06,9.57,7.77,0,0.06,13.58,5.08,1.37,3.65,0.32,48,Good
Ahmedabad,29.79,0,0.14,8.64,7.97,0,0.14,15.11,5.34,0.36,1.05,0.14,53,Satisfactory
Ahmedabad,59.95,0,0.18,8.78,8.16,0,0.18,11.52,2.79,0.52,1.23,0.22,91,Satisfactory
Ahmedabad,19.2,0,1.52,9.45,9.74,0,1.52,11.23,4.61,1.29,3.29,0.15,70,Satisfactory
Ahmedabad,19.52,0,5.89,11.26,17.15,0,5.89,11.56,4.4,0.58,1.44,0.07,157,Moderate
Ahmedabad,35.16,0,5.75,10.89,16.64,0,5.75,14.7,3.67,1.61,3.71,0.48,158,Moderate
Ahmedabad,33.03,0,7.01,10.58,17.58,0,7.01,12.95,3.53,1.65,3.96,0.37,169,Moderate
Ahmedabad,40.95,0,6.92,10.47,17.39,0,6.92,19.8,3.38,2.05,5.08,0.44,174,Moderate
Ahmedabad,40.29,0,6.74,10.52,17.26,0,6.74,8.27,3.57,1.85,4.34,0.39,173,Moderate
Ahmedabad,41.16,0,6.91,10.51,17.42,0,6.91,13.48,3.69,1.8,4.23,0.33,172,Moderate
Ahmedabad,36.12,0,7.21,11.56,17.07,0,7.21,13.62,6.08,1.67,2.85,0.11,190,Moderate
Ahmedabad,28.51,0,6.69,20.52,27.21,0,6.69,5.69,7.65,1.36,2.17,0.09,171,Moderate
Ahmedabad,31.59,0,6.99,20.42,27.41,0,6.99,9.23,7.9,0.72,2.29,0.12,168,Moderate
Ahmedabad,42.56,0,7.17,20.4,27.57,0,7.17,6.28,9.86,1.36,2.94,0.28,172,Moderate
Ahmedabad,48.12,0,7.14,20.3,27.45,0,7.14,6.77,12.78,1.22,3.39,0.26,173,Moderate
Ahmedabad,37.09,0,7.22,20.21,27.42,0,7.22,8.66,7.94,0.86,2.98,0.16,175,Moderate
Ahmedabad,33.4,0,7.4,20.09,27.5,0,7.4,9.95,8.39,0.8,2.13,0.07,179,Moderate
Ahmedabad,38.64,0,7.35,20.21,27.55,0,7.35,9.74,6.28,1.31,2.8,0.27,174,Moderate
Ahmedabad,40.49,0,7.48,20.23,27.71,0,7.48,8.92,21.51,1.17,3,0.11,176,Moderate
Ahmedabad,41.37,0,7.47,20.2,27.68,0,7.47,11.73,19.8,1.82,2.85,0.17,179,Moderate
Ahmedabad,44.56,0,7.49,20.06,27.55,0,7.49,11.23,22.77,1.38,3.36,0.44,175,Moderate
Ahmedabad,65.68,0,7.57,19.94,27.51,0,7.57,8.21,30.21,3.62,5.79,1,177,Moderate
Ahmedabad,33.34,0,7.3,20.27,27.57,0,7.3,6.41,32.95,0,0,0.02,175,Moderate
Ahmedabad,39.17,0,7.35,20.24,27.58,0,7.35,9.17,26.64,0.79,0.76,0.14,174,Moderate
Ahmedabad,34,0,7.41,20.1,27.51,0,7.41,9.64,17.17,1.21,1.8,0.15,179,Moderate
Ahmedabad,36.38,0,7.31,20.14,27.45,0,7.31,10.65,13.35,2,4.33,0.35,177,Moderate
Ahmedabad,38.35,0,7.41,20.16,27.57,0,7.41,9.33,18.59,1.63,3.74,0.35,180,Moderate
Ahmedabad,38.5,0,12.38,19.67,30.02,0,12.38,10.37,16.33,1.56,2.97,0.42,274,Poor
Ahmedabad,39.61,0,17.31,14.84,32.15,0,17.31,10.76,5.38,1.67,3.17,0.24,310,Very Poor
Ahmedabad,61.79,0,17.24,14.82,32.06,0,17.24,12.39,8.06,0.91,1.81,0.2,303,Very Poor
Ahmedabad,43.22,0,17.17,14.82,31.99,0,17.17,11.68,37.87,1.29,3.06,0.14,302,Very Poor
Ahmedabad,33.41,0,17.12,14.86,31.98,0,17.12,12.96,86.83,1.08,2.1,0.05,302,Very Poor
Ahmedabad,36.9,0,17.08,14.85,31.93,0,17.08,4.73,54.01,0.91,1.25,0.16,302,Very Poor
Ahmedabad,36.36,0,17.11,14.79,31.9,0,17.11,8.86,77.3,0,0,0.06,302,Very Poor
Ahmedabad,32.64,0,17.01,14.84,31.85,0,17.01,7.05,62.31,0,0,0.01,302,Very Poor
Ahmedabad,38.23,0,17.07,14.89,31.96,0,17.07,10.9,55.94,0,0,0.01,302,Very Poor
Ahmedabad,39.86,0,16.98,14.83,31.81,0,16.98,10.02,96.83,0,0.01,0.02,301,Very Poor
Ahmedabad,72.74,0,17.04,14.84,31.88,0,17.04,4.23,99.03,0,0,0,302,Very Poor
Ahmedabad,43.2,0,17.05,14.86,31.91,0,17.05,5.96,59.99,0,0,0.11,302,Very Poor
Ahmedabad,63.2,0,17.03,14.82,31.85,0,17.03,3.69,7.57,0,0,0,302,Very Poor
Ahmedabad,64.73,0,17.01,14.82,31.83,0,17.01,6.45,12.13,0,0,0,302,Very Poor
Ahmedabad,65.28,0,17.04,14.85,31.89,0,17.04,6.13,18.2,0,0,0,301,Very Poor
Ahmedabad,67.86,0,16.97,14.87,31.84,0,16.97,8.87,16.53,0,0,0,302,Very Poor
Ahmedabad,52.4,0,16.97,14.81,31.78,0,16.97,9.89,22.55,0,0,0,301,Very Poor
Ahmedabad,33.33,0,16.95,14.89,31.84,0,16.95,6.88,33.58,0,0,0,302,Very Poor
Ahmedabad,29.52,0,16.94,14.88,31.82,0,16.94,8.56,40.65,0,0,0.02,301,Very Poor
Ahmedabad,15.53,0,17,14.85,31.85,0,17,15.13,34.18,0,0,0,301,Very Poor
Ahmedabad,57.51,0,16.31,50.9,67.22,0,16.31,8.73,15.39,0,10.52,4.88,0,0
Ahmedabad,50.24,0,9.46,12.31,21.77,0,9.46,11.63,13.61,0,3.42,0.29,226,Poor
Ahmedabad,61.77,0,8.68,15.43,24.1,0,8.68,8.1,18.69,0,4.83,0.38,276,Poor
Ahmedabad,46.93,0,7.14,11.47,18.61,0,7.14,7.92,19.03,0,3.08,0.12,209,Poor
Ahmedabad,43.01,0,6.82,9.96,16.78,0,6.82,11.58,20.59,0,2.5,0.13,179,Moderate
Ahmedabad,42.06,0,8.43,11.35,19.78,0,8.43,11.63,28.09,0,3.19,0.2,197,Moderate
Ahmedabad,44.94,0,7.14,10.94,18.07,0,7.14,5.85,59.38,0,2.21,0.24,229,Poor
Ahmedabad,29.58,0,6.61,9.94,16.55,0,6.61,8.82,42.9,0,1.87,0.13,170,Moderate
Ahmedabad,32.15,0,6.5,9.7,16.2,0,6.5,9.2,39.02,0,2.73,0.19,164,Moderate
Ahmedabad,36.33,0,7.68,12.88,20.56,0,7.68,8.28,43.35,0,4.29,0.36,195,Moderate
Ahmedabad,24.46,0,8.45,10.99,19.44,0,8.45,12.59,44.55,0,2.52,0.17,220,Poor
Ahmedabad,0,0,0,0,0,0,0,0,0,0,0,0,0,0
Ahmedabad,27.08,0,9.95,12.25,22.19,0,9.95,9.51,12.46,0,4.77,0.32,0,0
Ahmedabad,59.29,0,9.21,9.68,18.89,0,9.21,5.98,7.69,0,3.24,0.19,217,Poor
Ahmedabad,65.32,0,10.61,9.62,20.23,0,10.61,3.69,4.74,0,3.63,0.24,254,Poor
Ahmedabad,47.39,0,9.26,10.48,19.74,0,9.26,7.72,7.71,0,3.41,0.21,241,Poor
Ahmedabad,43.88,0,8.69,19.75,28.44,0,8.69,4.83,11.53,0,3.24,0.16,244,Poor
Ahmedabad,28.35,0,9.05,13.62,22.68,0,9.05,7.47,15.95,0,3.26,0.21,243,Poor
Ahmedabad,3.59,0,11.26,14.17,25.44,0,11.26,9.6,20.38,0,4.02,0.46,244,Poor
Ahmedabad,3.04,0,16.31,21.5,37.81,0,16.31,13.73,30.05,0.02,9.33,0.81,327,Very Poor
Ahmedabad,19.14,0,10.33,30.6,40.93,0,10.33,10.96,29.36,0,8.36,1,390,Very Poor
Ahmedabad,69.12,0,8.85,32.41,41.26,0,8.85,15.63,28.45,0,7.16,0.73,231,Poor
Ahmedabad,76.41,0,17.96,34.7,52.67,0,17.96,15.44,31.49,0,7.51,1.15,396,Very Poor
Ahmedabad,102.49,0,33.31,37.85,71.17,0,33.31,27.32,24.85,19.81,51.29,15.05,731,Severe
Ahmedabad,127.94,0,11.14,28.38,39.52,0,11.14,25.59,15.17,8.14,29.23,3.24,466,Severe
Ahmedabad,87.18,0,7.83,21.51,29.34,0,7.83,6.98,23.17,5.59,17.26,2.28,230,Poor
Ahmedabad,99.73,0,20.16,30.23,50.39,0,20.16,32.74,20.91,8.58,27.22,4.15,309,Very Poor
Ahmedabad,84.15,0,15.83,32.1,47.93,0,15.83,19.37,23.12,8.34,23.83,4,519,Severe
Ahmedabad,92.12,0,18.21,32.5,50.71,0,18.21,31.75,29.97,6.26,26.4,4.3,397,Very Poor
Ahmedabad,94.02,0,27.14,36.97,64.11,0,27.14,24.88,23.51,10.85,41.2,6.14,517,Severe
Ahmedabad,150.27,0,15.9,34.86,50.77,0,15.9,26.35,31.96,9.13,37.83,5.06,653,Severe
Ahmedabad,118.91,0,5.42,29.22,34.64,0,5.42,79.47,24.89,6.23,12.93,1.74,355,Very Poor
Ahmedabad,91.41,0,5.19,23.45,28.63,0,5.19,25.44,6.25,0.69,1.25,0.05,227,Poor
Ahmedabad,95.9,0,10.38,33.63,44.01,0,10.38,30.06,27.34,3.24,11.06,1.76,316,Very Poor
Ahmedabad,137.87,0,20.2,32.98,53.18,0,20.2,21.89,17.41,12.76,39.39,12.08,536,Severe
Ahmedabad,90.71,0,18.12,25.73,43.85,0,18.12,17.89,26.02,7.32,43.71,6.04,370,Very Poor
Ahmedabad,108.68,0,17.03,32.87,49.9,0,17.03,22.59,19.56,12.47,51.84,7.46,551,Severe
Ahmedabad,98.79,0,17.72,31.2,48.92,0,17.72,26.09,30.19,8.22,41.58,5.48,393,Very Poor
Ahmedabad,145.75,0,20.61,34.71,55.33,0,20.61,24.66,95.94,20.08,51.51,7.31,671,Severe
Ahmedabad,179.43,0,52.33,39.42,91.75,0,52.33,39.15,112.01,31.75,102.65,14.97,969,Severe
Ahmedabad,170.52,0,15.49,35.22,48.6,0,15.49,34.03,53.98,10.76,31.62,4.83,471,Severe
Ahmedabad,203.4,0,23.03,36.63,59.66,0,23.03,94.3,5.36,0,0,0,529,Severe
Ahmedabad,92.71,0,12.92,30.65,43.57,0,12.92,42.08,72.86,13.33,17.97,5.17,0,0
Ahmedabad,64.66,0,4.79,23.83,28.61,0,4.79,34.4,24.76,6.24,12.04,2.24,213,Poor
Ahmedabad,78.14,0,10.58,28.93,39.51,0,10.58,44.91,35.56,4.72,8.87,2.28,297,Poor
Ahmedabad,100.17,0,32.27,34.16,66.43,0,32.27,27.73,23.95,7.62,12.85,5.15,605,Severe
Ahmedabad,147.35,0,34.64,39.1,73.74,0,34.64,46.09,26.43,5.8,5.08,10.16,691,Severe
Ahmedabad,206.89,0,145.32,55.67,201,0,145.32,20.47,38,1.69,3.45,36,971,Severe
Ahmedabad,114.84,0,38.09,40.31,78.39,0,38.09,22.94,30.19,26,72.61,10.84,0,0
Ahmedabad,89.64,0,5.42,25.75,31.18,0,5.42,44.92,43.04,6.48,17.42,2.14,270,Poor
Ahmedabad,51.72,0,1.89,21.15,23.04,0,1.89,37.31,66.58,3.96,11.1,0.75,188,Moderate
Ahmedabad,54.59,0,2.31,18.33,20.64,0,2.31,19.08,42.43,3.47,10.25,1.12,114,Moderate
Ahmedabad,46.5,0,1.22,12.1,13.32,0,1.22,13.73,61.56,1.9,4.5,0.22,143,Moderate
Ahmedabad,0,0,0,0,0,0,0,0,0,0,0,0,0,0
Ahmedabad,122.54,0,75.42,44.2,119.62,0,75.42,13.78,60.66,73.38,105.07,17.55,0,0
Ahmedabad,147.18,0,33.06,36.87,69.93,0,33.06,21.24,131.12,25.83,60.82,9.26,557,Severe
Ahmedabad,214.67,0,57.37,42.21,99.57,0,57.37,22.18,0,41.22,93.71,13.41,0,0
Ahmedabad,207.13,0,28.41,35.31,60.37,0,28.41,50.33,0,28.86,55.93,8.74,536,Severe
Ahmedabad,191.01,0,39.61,50.11,89.72,0,39.61,40.78,27.9,17.39,60.02,11.13,354,Very Poor
Ahmedabad,192.35,0,9.39,29.04,38.43,0,9.39,29.18,33.21,22.88,52.49,10.86,381,Very Poor
Ahmedabad,127.64,0,6.74,31.91,38.64,0,6.74,26.94,47.33,9.55,20.72,4.32,355,Very Poor
Ahmedabad,0,0,0,0,0,0,0,0,0,0,0,0,0,0
Ahmedabad,0,0,0,0,0,0,0,0,0,0,0,0,0,0
Ahmedabad,0,0,0,0,0,0,0,0,0,0,0,0,0,0
Ahmedabad,0,0,0,0,0,0,0,0,0,0,0,0,0,0
Ahmedabad,0,0,0,0,0,0,0,0,0,0,0,0,0,0
Ahmedabad,0,0,0,0,0,0,0,0,0,0,0,0,0,0
Ahmedabad,0,0,0,0,0,0,0,0,0,0,0,0,0,0
Ahmedabad,0,0,0,0,0,0,0,0,0,0,0,0,0,0
Ahmedabad,0,0,0,0,0,0,0,0,0,0,0,0,0,0
Ahmedabad,0,0,0,0,0,0,0,0,0,0,0,0,0,0
Ahmedabad,0,0,0,0,0,0,0,0,0,0,0,0,0,0
Ahmedabad,0,0,0,0,0,0,0,0,0,0,0,0,0,0
Ahmedabad,0,0,0,0,0,0,0,0,0,0,0,0,0,0
Ahmedabad,0,0,0,0,0,0,0,0,0,0,0,0,0,0
Ahmedabad,0,0,0,0,0,0,0,0,0,0,0,0,0,0
Ahmedabad,0,0,0,0,0,0,0,0,0,0,0,0,0,0
Ahmedabad,0,0,0,0,0,0,0,0,0,0,0,0,0,0
Ahmedabad,0,0,0,0,0,0,0,0,0,0,0,0,0,0
Ahmedabad,0,0,0,0,0,0,0,0,0,0,0,0,0,0
Ahmedabad,0,0,0,0,0,0,0,0,0,0,0,0,0,0
Ahmedabad,0,0,0,0,0,0,0,0,0,0,0,0,0,0
Ahmedabad,0,0,0,0,0,0,0,0,0,0,0,0,0,0
Ahmedabad,0,0,0,0,0,0,0,0,0,0,0,0,0,0
Ahmedabad,0,0,0,0,0,0,0,0,0,0,0,0,0,0
Ahmedabad,0,0,0,0,0,0,0,0,0,0,0,0,0,0
Ahmedabad,0,0,0,0,0,0,0,0,0,0,0,0,0,0
Ahmedabad,0,0,0,0,0,0,0,0,0,0,0,0,0,0
Ahmedabad,0,0,0,0,0,0,0,0,0,0,0,0,0,0
Ahmedabad,0,0,0,0,0,0,0,0,0,0,0,0,0,0
Ahmedabad,0,0,0,0,0,0,0,0,0,0,0,0,0,0
Ahmedabad,0,0,0,0,0,0,0,0,0,0,0,0,0,0
Ahmedabad,0,0,0,0,0,0,0,0,0,0,0,0,0,0
Ahmedabad,0,0,0,0,0,0,0,0,0,0,0,0,0,0
Ahmedabad,0,0,0,0,0,0,0,0,0,0,0,0,0,0
Ahmedabad,0,0,0,0,0,0,0,0,0,0,0,0,0,0
Ahmedabad,0,0,0,0,0,0,0,0,0,0,0,0,0,0
Ahmedabad,0,0,0,0,0,0,0,0,0,0,0,0,0,0
Ahmedabad,0,0,0,0,0,0,0,0,0,0,0,0,0,0
Ahmedabad,0,0,0,0,0,0,0,0,0,0,0,0,0,0
Ahmedabad,0,0,0,0,0,0,0,0,0,0,0,0,0,0
Ahmedabad,0,0,0,0,0,0,0,0,0,0,0,0,0,0
Ahmedabad,0,0,0,0,0,0,0,0,0,0,0,0,0,0
Ahmedabad,0,0,0,0,0,0,0,0,0,0,0,0,0,0
Ahmedabad,0,0,0,0,0,0,0,0,0,0,0,0,0,0
Ahmedabad,0,0,0,0,0,0,0,0,0,0,0,0,0,0
Ahmedabad,0,0,0,0,0,0,0,0,0,0,0,0,0,0
Ahmedabad,0,0,0,0,0,0,0,0,0,0,0,0,0,0
Ahmedabad,0,0,0,0,0,0,0,0,0,0,0,0,0,0
Ahmedabad,0,0,0,0,0,0,0,0,0,0,0,0,0,0
Ahmedabad,0,0,0,0,0,0,0,0,0,0,0,0,0,0
Ahmedabad,0,0,0,0,0,0,0,0,0,0,0,0,0,0
Ahmedabad,0,0,0,0,0,0,0,0,0,0,0,0,0,0
Ahmedabad,0,0,0,0,0,0,0,0,0,0,0,0,0,0
Ahmedabad,0,0,0,0,0,0,0,0,0,0,0,0,0,0
Ahmedabad,0,0,0,0,0,0,0,0,0,0,0,0,0,0
Ahmedabad,0,0,0,0,0,0,0,0,0,0,0,0,0,0
Ahmedabad,0,0,0,0,0,0,0,0,0,0,0,0,0,0
Ahmedabad,0,0,0,0,0,0,0,0,0,0,0,0,0,0
Ahmedabad,0,0,0,0,0,0,0,0,0,0,0,0,0,0
Ahmedabad,0,0,0,0,0,0,0,0,0,0,0,0,0,0
Ahmedabad,0,0,0,0,0,0,0,0,0,0,0,0,0,0
Ahmedabad,0,0,0,0,0,0,0,0,0,0,0,0,0,0
Ahmedabad,0,0,0,0,0,0,0,0,0,0,0,0,0,0
Ahmedabad,0,0,0,0,0,0,0,0,0,0,0,0,0,0
Ahmedabad,0,0,0,0,0,0,0,0,0,0,0,0,0,0
Ahmedabad,0,0,0,0,0,0,0,0,0,0,0,0,0,0
Ahmedabad,0,0,0,0,0,0,0,0,0,0,0,0,0,0
Ahmedabad,0,0,0,0,0,0,0,0,0,0,0,0,0,0
Ahmedabad,0,0,0,0,0,0,0,0,0,0,0,0,0,0
Ahmedabad,0,0,0,0,0,0,0,0,0,0,0,0,0,0
Ahmedabad,0,0,0,0,0,0,0,0,0,0,0,0,0,0
Ahmedabad,0,0,0,0,0,0,0,0,0,0,0,0,0,0
Ahmedabad,0,0,0,0,0,0,0,0,0,0,0,0,0,0
Ahmedabad,0,0,0,0,0,0,0,0,0,0,0,0,0,0
Ahmedabad,0,0,0,0,0,0,0,0,0,0,0,0,0,0
Ahmedabad,0,0,0,0,0,0,0,0,0,0,0,0,0,0
Ahmedabad,0,0,0,0,0,0,0,0,0,0,0,0,0,0
Ahmedabad,0,0,0,0,0,0,0,0,0,0,0,0,0,0
Ahmedabad,0,0,0,0,0,0,0,0,0,0,0,0,0,0
Ahmedabad,0,0,0,0,0,0,0,0,0,0,0,0,0,0
Ahmedabad,0,0,0,0,0,0,0,0,0,0,0,0,0,0
Ahmedabad,0,0,0,0,0,0,0,0,0,0,0,0,0,0
Ahmedabad,0,0,0,0,0,0,0,0,0,0,0,0,0,0
Ahmedabad,0,0,0,0,0,0,0,0,0,0,0,0,0,0
Ahmedabad,0,0,0,0,0,0,0,0,0,0,0,0,0,0
Ahmedabad,0,0,0,0,0,0,0,0,0,0,0,0,0,0
Ahmedabad,0,0,0,0,0,0,0,0,0,0,0,0,0,0
Ahmedabad,0,0,0,0,0,0,0,0,0,0,0,0,0,0
Ahmedabad,0,0,0,0,0,0,0,0,0,0,0,0,0,0
Ahmedabad,0,0,0,0,0,0,0,0,0,0,0,0,0,0
Ahmedabad,0,0,0,0,0,0,0,0,0,0,0,0,0,0
Ahmedabad,0,0,0,0,0,0,0,0,0,0,0,0,0,0
Ahmedabad,0,0,0,0,0,0,0,0,0,0,0,0,0,0
Ahmedabad,0,0,0,0,0,0,0,0,0,0,0,0,0,0
Ahmedabad,0,0,0,0,0,0,0,0,0,0,0,0,0,0
Ahmedabad,0,0,0,0,0,0,0,0,0,0,0,0,0,0
Ahmedabad,0,0,0,0,0,0,0,0,0,0,0,0,0,0
Ahmedabad,0,0,0,0,0,0,0,0,0,0,0,0,0,0
Ahmedabad,0,0,0,0,0,0,0,0,0,0,0,0,0,0
Ahmedabad,0,0,0,0,0,0,0,0,0,0,0,0,0,0
Ahmedabad,0,0,0,0,0,0,0,0,0,0,0,0,0,0
Ahmedabad,0,0,0,0,0,0,0,0,0,0,0,0,0,0
Ahmedabad,0,0,0,0,0,0,0,0,0,0,0,0,0,0
Ahmedabad,0,0,0,0,0,0,0,0,0,0,0,0,0,0
Ahmedabad,0,0,0,0,0,0,0,0,0,0,0,0,0,0
Ahmedabad,0,0,0,0,0,0,0,0,0,0,0,0,0,0
Ahmedabad,0,0,0,0,0,0,0,0,0,0,0,0,0,0
Ahmedabad,0,0,0,0,0,0,0,0,0,0,0,0,0,0
Ahmedabad,0,0,0,0,0,0,0,0,0,0,0,0,0,0
Ahmedabad,0,0,0,0,0,0,0,0,0,0,0,0,0,0
Ahmedabad,0,0,0,0,0,0,0,0,0,0,0,0,0,0
Ahmedabad,0,0,0,0,0,0,0,0,0,0,0,0,0,0
Ahmedabad,0,0,0,0,0,0,0,0,0,0,0,0,0,0
Ahmedabad,0,0,0,0,0,0,0,0,0,0,0,0,0,0
Ahmedabad,0,0,0,0,0,0,0,0,0,0,0,0,0,0
Ahmedabad,0,0,0,0,0,0,0,0,0,0,0,0,0,0
Ahmedabad,0,0,0,0,0,0,0,0,0,0,0,0,0,0
Ahmedabad,0,0,0,0,0,0,0,0,0,0,0,0,0,0
Ahmedabad,0,0,0,0,0,0,0,0,0,0,0,0,0,0
Ahmedabad,0,0,0,0,0,0,0,0,0,0,0,0,0,0
Ahmedabad,0,0,0,0,0,0,0,0,0,0,0,0,0,0
Ahmedabad,0,0,0,0,0,0,0,0,0,0,0,0,0,0
Ahmedabad,0,0,0,0,0,0,0,0,0,0,0,0,0,0
Ahmedabad,0,0,0,0,0,0,0,0,0,0,0,0,0,0
Ahmedabad,0,0,0,0,0,0,0,0,0,0,0,0,0,0
Ahmedabad,0,0,0,0,0,0,0,0,0,0,0,0,0,0
Ahmedabad,0,0,0,0,0,0,0,0,0,0,0,0,0,0
Ahmedabad,0,0,0,0,0,0,0,0,0,0,0,0,0,0
Ahmedabad,0,0,0,0,0,0,0,0,0,0,0,0,0,0
Ahmedabad,0,0,0,0,0,0,0,0,0,0,0,0,0,0
Ahmedabad,0,0,0,0,0,0,0,0,0,0,0,0,0,0
Ahmedabad,0,0,0,0,0,0,0,0,0,0,0,0,0,0
Ahmedabad,0,0,0,0,0,0,0,0,0,0,0,0,0,0
Ahmedabad,0,0,0,0,0,0,0,0,0,0,0,0,0,0
Ahmedabad,0,0,0,0,0,0,0,0,0,0,0,0,0,0
Ahmedabad,0,0,0,0,0,0,0,0,0,0,0,0,0,0
Ahmedabad,0,0,0,0,0,0,0,0,0,0,0,0,0,0
Ahmedabad,0,0,0,0,0,0,0,0,0,0,0,0,0,0
Ahmedabad,0,0,0,0,0,0,0,0,0,0,0,0,0,0
Ahmedabad,0,0,0,0,0,0,0,0,0,0,0,0,0,0
Ahmedabad,0,0,0,0,0,0,0,0,0,0,0,0,0,0
Ahmedabad,0,0,0,0,0,0,0,0,0,0,0,0,0,0
Ahmedabad,0,0,0,0,0,0,0,0,0,0,0,0,0,0
Ahmedabad,0,0,0,0,0,0,0,0,0,0,0,0,0,0
Ahmedabad,0,0,0,0,0,0,0,0,0,0,0,0,0,0
Ahmedabad,0,0,0,0,0,0,0,0,0,0,0,0,0,0
Ahmedabad,0,0,0,0,0,0,0,0,0,0,0,0,0,0
Ahmedabad,0,0,0,0,0,0,0,0,0,0,0,0,0,0
Ahmedabad,0,0,0,0,0,0,0,0,0,0,0,0,0,0
Ahmedabad,0,0,0,0,0,0,0,0,0,0,0,0,0,0
Ahmedabad,0,0,0,0,0,0,0,0,0,0,0,0,0,0
Ahmedabad,0,0,0,0,0,0,0,0,0,0,0,0,0,0
Ahmedabad,0,0,0,0,0,0,0,0,0,0,0,0,0,0
Ahmedabad,0,0,0,0,0,0,0,0,0,0,0,0,0,0
Ahmedabad,0,0,0,0,0,0,0,0,0,0,0,0,0,0
Ahmedabad,0,0,0,0,0,0,0,0,0,0,0,0,0,0
Ahmedabad,0,0,0,0,0,0,0,0,0,0,0,0,0,0
Ahmedabad,0,0,0,0,0,0,0,0,0,0,0,0,0,0
Ahmedabad,0,0,0,0,0,0,0,0,0,0,0,0,0,0
Ahmedabad,0,0,0,0,0,0,0,0,0,0,0,0,0,0
Ahmedabad,0,0,0,0,0,0,0,0,0,0,0,0,0,0
Ahmedabad,0,0,0,0,0,0,0,0,0,0,0,0,0,0
Ahmedabad,0,0,0,0,0,0,0,0,0,0,0,0,0,0
Ahmedabad,0,0,0,0,0,0,0,0,0,0,0,0,0,0
Ahmedabad,0,0,0,0,0,0,0,0,0,0,0,0,0,0
Ahmedabad,0,0,0,0,0,0,0,0,0,0,0,0,0,0
Ahmedabad,0,0,0,0,0,0,0,0,0,0,0,0,0,0
Ahmedabad,0,0,0,0,0,0,0,0,0,0,0,0,0,0
Ahmedabad,0,0,0,0,0,0,0,0,0,0,0,0,0,0
Ahmedabad,0,0,0,0,0,0,0,0,0,0,0,0,0,0
Ahmedabad,0,0,0,0,0,0,0,0,0,0,0,0,0,0
Ahmedabad,0,0,0,0,0,0,0,0,0,0,0,0,0,0
Ahmedabad,0,0,0,0,0,0,0,0,0,0,0,0,0,0
Ahmedabad,0,0,0,0,0,0,0,0,0,0,0,0,0,0
Ahmedabad,0,0,0,0,0,0,0,0,0,0,0,0,0,0
Ahmedabad,0,0,0,0,0,0,0,0,0,0,0,0,0,0
Ahmedabad,0,0,0,0,0,0,0,0,0,0,0,0,0,0
Ahmedabad,0,0,0,0,0,0,0,0,0,0,0,0,0,0
Ahmedabad,0,0,0,0,0,0,0,0,0,0,0,0,0,0
Ahmedabad,0,0,0,0,0,0,0,0,0,0,0,0,0,0
Ahmedabad,0,0,0,0,0,0,0,0,0,0,0,0,0,0
Ahmedabad,0,0,0,0,0,0,0,0,0,0,0,0,0,0
Ahmedabad,0,0,0,0,0,0,0,0,0,0,0,0,0,0
Ahmedabad,0,0,0,0,0,0,0,0,0,0,0,0,0,0
Ahmedabad,0,0,0,0,0,0,0,0,0,0,0,0,0,0
Ahmedabad,0,0,0,0,0,0,0,0,0,0,0,0,0,0
Ahmedabad,0,0,0,0,0,0,0,0,0,0,0,0,0,0
Ahmedabad,0,0,0,0,0,0,0,0,0,0,0,0,0,0
Ahmedabad,0,0,0,0,0,0,0,0,0,0,0,0,0,0
Ahmedabad,0,0,0,0,0,0,0,0,0,0,0,0,0,0
Ahmedabad,0,0,0,0,0,0,0,0,0,0,0,0,0,0
Ahmedabad,0,0,0,0,0,0,0,0,0,0,0,0,0,0
Ahmedabad,0,0,0,0,0,0,0,0,0,0,0,0,0,0
Ahmedabad,0,0,0,0,0,0,0,0,0,0,0,0,0,0
Ahmedabad,0,0,0,0,0,0,0,0,0,0,0,0,0,0
Ahmedabad,0,0,0,0,0,0,0,0,0,0,0,0,0,0
Ahmedabad,0,0,0,0,0,0,0,0,0,0,0,0,0,0
Ahmedabad,0,0,0,0,0,0,0,0,0,0,0,0,0,0
Ahmedabad,0,0,0,0,0,0,0,0,0,0,0,0,0,0
Ahmedabad,0,0,0,0,0,0,0,0,0,0,0,0,0,0
Ahmedabad,0,0,0,0,0,0,0,0,0,0,0,0,0,0
Ahmedabad,0,0,0,0,0,0,0,0,0,0,0,0,0,0
Ahmedabad,0,0,0,0,0,0,0,0,0,0,0,0,0,0
Ahmedabad,0,0,0,0,0,0,0,0,0,0,0,0,0,0
Ahmedabad,0,0,0,0,0,0,0,0,0,0,0,0,0,0
Ahmedabad,0,0,0,0,0,0,0,0,0,0,0,0,0,0
Ahmedabad,0,0,0,0,0,0,0,0,0,0,0,0,0,0
Ahmedabad,0,0,0,0,0,0,0,0,0,0,0,0,0,0
Ahmedabad,0,0,0,0,0,0,0,0,0,0,0,0,0,0
Ahmedabad,0,0,0,0,0,0,0,0,0,0,0,0,0,0
Ahmedabad,0,0,0,0,0,0,0,0,0,0,0,0,0,0
Ahmedabad,0,0,0,0,0,0,0,0,0,0,0,0,0,0
Ahmedabad,0,0,0,0,0,0,0,0,0,0,0,0,0,0
Ahmedabad,0,0,0,0,0,0,0,0,0,0,0,0,0,0
Ahmedabad,0,0,0,0,0,0,0,0,0,0,0,0,0,0
Ahmedabad,0,0,0,0,0,0,0,0,0,0,0,0,0,0
Ahmedabad,0,0,0,0,0,0,0,0,0,0,0,0,0,0
Ahmedabad,0,0,0,0,0,0,0,0,0,0,0,0,0,0
Ahmedabad,0,0,0,0,0,0,0,0,0,0,0,0,0,0
Ahmedabad,0,0,0,0,0,0,0,0,0,0,0,0,0,0
Ahmedabad,0,0,0,0,0,0,0,0,0,0,0,0,0,0
Ahmedabad,0,0,0,0,0,0,0,0,0,0,0,0,0,0
Ahmedabad,0,0,0,0,0,0,0,0,0,0,0,0,0,0
Ahmedabad,0,0,0,0,0,0,0,0,0,0,0,0,0,0
Ahmedabad,0,0,0,0,0,0,0,0,0,0,0,0,0,0
Ahmedabad,0,0,0,0,0,0,0,0,0,0,0,0,0,0
Ahmedabad,0,0,0,0,0,0,0,0,0,0,0,0,0,0
Ahmedabad,0,0,0,0,0,0,0,0,0,0,0,0,0,0
Ahmedabad,0,0,0,0,0,0,0,0,0,0,0,0,0,0
Ahmedabad,0,0,0,0,0,0,0,0,0,0,0,0,0,0
Ahmedabad,0,0,0,0,0,0,0,0,0,0,0,0,0,0
Ahmedabad,33.02,0,11.69,28.91,40.6,0,11.69,1.38,36.04,0,0,0,0,0
Ahmedabad,27.29,0,9.81,28.12,37.93,0,9.81,1.61,39.26,0,0,0,272,Poor
Ahmedabad,41.43,0,10.45,31.82,42.09,0,10.45,1.7,28.05,0,0,0,253,Poor
Ahmedabad,30.16,0,10.41,15.99,26.4,0,10.41,1.6,23.76,0,0,0,256,Poor
Ahmedabad,29.42,0,9.39,10.11,19.5,0,9.39,1.57,16.42,0,0,0,257,Poor
Ahmedabad,20.87,0,9.04,7.49,16.54,0,9.04,1.6,14.27,0,0,0,213,Poor
Ahmedabad,35.08,0,8.36,6.52,14.88,0,8.36,1.63,19.44,0,0,0,218,Poor
Ahmedabad,40.23,0,8.68,2.79,11.47,0,8.68,1.69,15.16,0,0,0,214,Poor
Ahmedabad,54.25,0,8.11,2.78,10.89,0,8.11,1.42,18.46,0,0,0,207,Poor
Ahmedabad,49.04,0,7.38,1.65,9.03,0,7.38,1.44,15.33,0,0,0,169,Moderate
Ahmedabad,35.87,0,7.5,1.67,9.13,0,7.5,1.53,17,0,0,0,0,0
Ahmedabad,46.3,0,7.3,1.8,9.1,0,7.3,1.8,24,0,0,0,0,0
Ahmedabad,39.15,0,7.05,1.9,8.95,0,7.05,1.4,15,0,0,0,0,0
Ahmedabad,45.3,0,6.7,2.5,9.3,0,6.7,0.9,27,0,0,0,0,0
Ahmedabad,43.61,0,7.7,3.93,11.62,0,7.7,1.32,21.64,0,0,0,0,0
Ahmedabad,0,0,0,0,0,0,0,0,0,0,0,0,0,0
Ahmedabad,34.89,0,24.46,11.73,27.15,0,24.46,14.6,82.14,0,0,0,0,0
Ahmedabad,38.13,0,46.51,48.06,43.98,0,46.51,23.13,0,0,0,0,1842,Severe
Ahmedabad,36.47,0,0.98,37.13,22.38,0,0.98,19.01,0,0,0,0,72,Satisfactory
Ahmedabad,40.9,0,4.09,36.77,24.99,0,4.09,17.01,0,0,0,0,91,Satisfactory
Ahmedabad,34.19,0,6.02,34.38,20.93,0,6.02,14.17,0,0,0,0,124,Moderate
Ahmedabad,32.92,0,4.92,36.8,25.92,0,4.92,14.66,0,0,0,0,145,Moderate
Ahmedabad,41.39,0,100.77,54.7,48.42,0,100.77,15.75,0,0,0,0.13,499,Severe
Ahmedabad,31.71,0,1.67,22.75,18.5,0,1.67,15.47,0,0,0,0,557,Severe
Ahmedabad,33.48,0,1.94,30.88,27.87,0,1.94,14.26,0,0,0,0,114,Moderate
Ahmedabad,30.8,0,2.57,25.15,24.2,0,2.57,17.02,0,0,0,0,148,Moderate
Ahmedabad,30.47,0,1.64,38.78,36.5,0,1.64,15.8,0,0,0.01,0,99,Satisfactory
Ahmedabad,34.64,0,6.67,39.23,38.7,0,6.67,15.07,0,0,0,0,117,Moderate
Ahmedabad,43.71,0,8.85,39.95,40.31,0,8.85,15.37,0,0,0,0,275,Poor
Ahmedabad,46.52,0,3.87,33.24,33.53,0,3.87,15,6.9,0,0,0,183,Moderate
Ahmedabad,36.54,0,18.76,20.32,33.01,0,18.76,16.78,11.46,6.37,11.68,8.7,336,Very Poor
Ahmedabad,36.87,0,26.51,23.28,47.75,0,26.51,13.74,4.91,4.83,12.77,6.74,468,Severe
Ahmedabad,46.19,0,86.72,29.66,116.39,0,86.72,14.31,4.77,5.5,26.78,0.99,776,Severe
Ahmedabad,48.44,0,84.21,30.66,114.87,0,84.21,15.67,4.26,1.62,7.1,0.23,805,Severe
Ahmedabad,40.18,0,72.58,28.27,100.85,0,72.58,14.63,4.33,0,0.3,0,705,Severe
Ahmedabad,33.5,0,79.53,30.42,109.95,0,79.53,14.95,4.81,0,0,0,740,Severe
Ahmedabad,29.36,0,83.72,29.75,113.47,0,83.72,15.31,3.68,0,0,0,751,Severe
Ahmedabad,44.59,0,89.85,29.34,119.19,0,89.85,14.18,4.91,0.13,0,0,798,Severe
Ahmedabad,50.65,0,10.63,13,19.88,0,10.63,13.06,6.21,33.6,19.27,0.09,494,Severe
Ahmedabad,33.93,0,5.06,13.41,16.13,0,5.06,19.54,6.16,3.24,0.04,0,234,Poor
Ahmedabad,0,0,0,0,0,0,0,0,0,0,0,0,0,0
Ahmedabad,43.9,0,2.77,28.09,22.68,0,2.77,15.37,0.61,0.56,0.11,0.07,0,0
Ahmedabad,93.34,0,9.72,27.88,34.75,0,9.72,13.18,1.4,0.1,0,0,327,Very Poor
Ahmedabad,38.06,0,6.96,22.63,29.58,0,6.96,14.75,3.47,2.67,6.25,1.44,257,Poor
Ahmedabad,20.19,0,10.41,18.13,28.54,0,10.41,15.01,4.9,8.43,13.81,2.64,300,Poor
Ahmedabad,10.45,0,12.59,17.81,30.41,0,12.59,14.26,5.87,5.66,18.88,3.59,309,Very Poor
Ahmedabad,29.87,0,13.53,14.69,28.22,0,13.53,14.56,9.6,8.99,19.6,7.22,316,Very Poor
Ahmedabad,60.18,0,8.64,13.25,21.89,0,8.64,15.3,13.19,3.04,10.46,2.29,296,Poor
Ahmedabad,85.1,0,8.14,12.91,21.04,0,8.14,14.51,12.45,2.64,9.08,1.5,240,Poor
Ahmedabad,55.55,0,8.38,13.45,21.83,0,8.38,16.6,11.84,3.91,8.47,1.27,220,Poor
Ahmedabad,170.22,0,15.47,17.88,33.33,0,15.47,14.21,10.05,3.98,8.81,1.57,460,Severe
Ahmedabad,35.05,0,7.66,16.07,23.73,0,7.66,16.13,9.81,3.92,7.92,1.36,341,Very Poor
Ahmedabad,37.68,0,6.39,9.49,15.88,0,6.39,16.15,13.7,2.5,6.9,0.92,216,Poor
Ahmedabad,32.78,0,6.08,12.1,20.94,0,6.08,12.29,13.13,2.6,10.38,2.52,174,Moderate
Ahmedabad,53.5,0,12,14.19,26.57,0,12,16.32,5.48,7.94,13.77,2.91,252,Poor
Ahmedabad,48.24,0,10.91,15.52,26.43,0,10.91,16.16,5.98,6.48,11.94,2.44,283,Poor
Ahmedabad,63.27,0,8.82,13.23,25.6,0,8.82,24.81,8.68,4.04,11.75,1.63,282,Poor
Ahmedabad,40.43,0,7.42,10.29,23.27,0,7.42,12.24,5,2.99,8.49,1.36,189,Moderate
Ahmedabad,31.15,0,8.91,9.94,18.86,0,8.91,21.48,12.97,3.07,7.01,1.11,204,Poor
Ahmedabad,33.76,0,9.15,12.22,21.37,0,9.15,17.68,8.36,2.68,8.58,1.24,207,Poor
Ahmedabad,35.95,0,10.05,9.75,19.8,0,10.05,16.66,8.61,2.59,9.85,1.74,218,Poor
Ahmedabad,58.07,0,10.51,8.67,19.18,0,10.51,21.2,19.87,3.49,11.59,3.3,243,Poor
Ahmedabad,46.04,0,9.72,8.75,18.46,0,9.72,17.27,10.35,2.09,6.33,1.19,219,Poor
Ahmedabad,52.27,0,10.79,9.23,20.02,0,10.79,19.62,9.14,4.67,8.96,1.89,247,Poor
Ahmedabad,46.68,0,10.08,9.3,19.73,0,10.08,17.77,15.97,2.98,7.55,1.4,235,Poor
Ahmedabad,44.59,0,10.47,7.39,17.86,0,10.47,17.62,11.2,2.88,6.65,1,234,Poor
Ahmedabad,30.81,0,9.36,7.86,17.22,0,9.36,17.58,15.72,1.96,4.87,0.97,217,Poor
Ahmedabad,47.67,0,9.63,8.39,18.02,0,9.63,16.95,18.89,2.41,6.07,1.07,222,Poor
Ahmedabad,35.69,0,9.38,8.14,18.2,0,9.38,16.72,14.63,1.77,5.62,0.78,241,Poor
Ahmedabad,36.44,0,9.59,7.07,16.66,0,9.59,17.76,14.99,1.53,5.32,0.59,225,Poor
Ahmedabad,33.83,0,10.14,7.82,18.27,0,10.14,17.93,13.9,1.49,4.8,0.66,241,Poor
Ahmedabad,34.23,0,10.17,7.14,17.3,0,10.17,18.76,13.79,1.35,3.9,0.58,237,Poor
Ahmedabad,52.15,0,10.7,7.15,17.85,0,10.7,16.32,14.67,2.75,8.02,0.91,251,Poor
Ahmedabad,35.99,0,9.91,8.65,18.56,0,9.91,19.29,18.16,1.77,4.13,2.96,220,Poor
Ahmedabad,37.93,0,9.75,9.2,18.95,0,9.75,19.07,15.42,2.23,4.58,1.11,221,Poor
Ahmedabad,31.94,0,9.5,7.84,17.34,0,9.5,16.87,14.27,1.12,3.59,0.65,226,Poor
Ahmedabad,18.04,0,7.3,7.02,17.19,0,7.3,15.49,19,0.61,2.32,0.36,208,Poor
Ahmedabad,27.9,0,9.52,9.55,21.06,0,9.52,14.48,21.74,1.28,5.49,1.3,190,Moderate
Ahmedabad,36.51,0,10.07,10.68,21.06,0,10.07,18.22,22.56,1.53,6.64,1.82,250,Poor
Ahmedabad,55.71,0,11.17,12.86,24.03,0,11.17,17.75,21.14,2.55,10.55,3.43,280,Poor
Ahmedabad,57.01,0,13.68,11.99,25.67,0,13.68,18.36,20.81,3,15.01,4.97,306,Very Poor
Ahmedabad,53.94,0,10.01,12.54,22.55,0,10.01,18.85,24.79,2.72,9.57,2.13,249,Poor
Ahmedabad,49.34,0,9.75,8.67,18.43,0,9.75,15.82,26.39,2.02,6.6,0.97,213,Poor
Ahmedabad,0,0,0,0,0,0,0,0,0,0,0,0,135,Moderate
Ahmedabad,0,0,0,0,0,0,0,0,0,0,0,0,0,0
Ahmedabad,0,0,0,0,0,0,0,0,0,0,0,0,0,0
Ahmedabad,42.22,0,10.17,9.74,19.91,0,10.17,14.36,14.84,2.32,7.96,1.89,0,0
Ahmedabad,39.43,0,12.67,10.1,22.77,0,12.67,16.95,11.63,4.34,9.99,2.34,268,Poor
Ahmedabad,42.33,0,11.31,9.31,20.62,0,11.31,19.61,15.38,3.78,8.85,1.94,267,Poor
Ahmedabad,26.75,0,9.8,6.77,16.57,0,9.8,19.37,17.5,1.94,4.72,0.71,216,Poor
Ahmedabad,34.16,0,9.66,5.46,15.12,0,9.66,18.59,17.44,0.63,3.06,0.47,212,Poor
Ahmedabad,30.07,0,9.82,5.73,15.55,0,9.82,18.28,17.65,1.65,3.38,0.6,214,Poor
Ahmedabad,25.54,0,9.5,5.56,15.63,0,9.5,15.28,16.47,1.1,2.55,0.48,222,Poor
Ahmedabad,38.47,0,10.63,5.7,16.34,0,10.63,17.44,17.34,1.28,3.62,0.78,216,Poor
Ahmedabad,42.55,0,10.36,6.59,16.95,0,10.36,17.85,20.24,1.28,2.99,0.24,236,Poor
Ahmedabad,38.1,0,10.2,7.04,17.24,0,10.2,18.46,16.83,1.6,3.68,0.3,225,Poor
Ahmedabad,27.22,0,12.02,6.34,18.36,0,12.02,17.38,12.94,1.25,5.51,0.06,231,Poor
Ahmedabad,41.81,0,10.75,9.77,20.52,0,10.75,18.03,22.44,1.4,4.97,0.05,298,Poor
Ahmedabad,75.03,0,11.23,9.47,20.7,0,11.23,17.61,41.28,1.76,6.56,0.02,267,Poor
Ahmedabad,0,0,0,0,0,0,0,0,0,0,0,0,236,Poor
Ahmedabad,30.48,0,16.49,7.43,23.91,0,16.49,18.79,6.38,3.93,11.1,0,0,0
Ahmedabad,75.06,0,14.78,6.35,21.13,0,14.78,19.31,6,4.41,7.7,0,301,Very Poor
Ahmedabad,85.36,0,14.48,7.59,22.5,0,14.48,7.63,20.62,3.14,11.29,0,311,Very Poor
Ahmedabad,124.97,0,13.2,9.72,22.91,0,13.2,6.74,26.4,2.99,11.31,0.01,313,Very Poor
Ahmedabad,86.63,0,11.74,6.39,18.13,0,11.74,9.97,20.38,0.36,0.76,0,267,Poor
Ahmedabad,70.34,0,11.25,7.1,18.35,0,11.25,12.49,20.13,0,0,0,232,Poor
Ahmedabad,50.49,0,10.91,5.04,15.95,0,10.91,13.29,22.39,0,0,0,229,Poor
Ahmedabad,42.25,0,11.07,6.55,17.62,0,11.07,9.61,24.3,0,0,0,227,Poor
Ahmedabad,48.23,0,11.09,9.01,19.25,0,11.09,18.51,18.52,0.01,0.02,0,236,Poor
Ahmedabad,138.94,0,10.27,16.9,27.16,0,10.27,66.98,37.01,0,0,0,326,Very Poor
Ahmedabad,155.68,0,16.66,19.69,36.35,0,16.66,61.24,33.7,0,0,0,395,Very Poor
Ahmedabad,120.35,0,20.67,16.95,37.63,0,20.67,49.8,29.53,0,0,0,507,Severe
Ahmedabad,140.81,0,18.56,19.3,37.86,0,18.56,15.83,31.21,0,0,0,423,Severe
Ahmedabad,87.09,0,10.15,13.98,24.12,0,10.15,18.17,29.43,3.79,7.38,2.49,315,Very Poor
Ahmedabad,83.57,0,7.8,10.61,18.41,0,7.8,19.72,30.68,3.77,15.49,5.59,213,Poor
Ahmedabad,75.41,0,12.23,11.07,23.3,0,12.23,26.31,37.64,4.07,14.97,9.04,263,Poor
Ahmedabad,106.86,0,9.38,10.22,19.6,0,9.38,30.72,36.65,3.81,11.32,5.67,355,Very Poor
Ahmedabad,96.53,0,9.03,10.8,19.83,0,9.03,26.45,33.14,4.92,11.85,5.33,362,Very Poor
Ahmedabad,76.96,0,6.95,9.04,16,0,6.95,28.44,41.7,2.06,7.8,3.18,236,Poor
Ahmedabad,73.05,0,7.04,8.37,15.4,0,7.04,40,40.57,2.35,4.96,2.44,192,Moderate
Ahmedabad,72.52,0,7.31,9.14,16.45,0,7.31,28.08,32.65,1.76,5.73,3.64,230,Poor
Ahmedabad,109.22,0,11.05,13.21,24.26,0,11.05,60.04,33.06,3.87,10.35,5.17,278,Poor
Ahmedabad,122.63,0,18.84,16.36,35.2,0,18.84,24.52,31.59,4.44,18.43,10.12,390,Very Poor
Ahmedabad,214.36,0,19.66,18.38,38.03,0,19.66,46.6,33.34,6.05,20.53,11.69,509,Severe
Ahmedabad,381.69,0,29.49,25.41,54.9,0,29.49,49.33,15.74,13.1,28.16,14.59,472,Severe
Ahmedabad,182.59,0,26.06,18.2,44.25,0,26.06,23.81,41,8.18,19.9,10.1,457,Severe
Ahmedabad,271.85,0,16.39,15.28,31.68,0,16.39,33.31,41.24,3.52,8.61,5.31,721,Severe
Ahmedabad,230.76,0,12.95,13.35,26.31,0,12.95,19.34,50.18,2.21,5.96,3.59,420,Severe
Ahmedabad,203.3,0,11.74,14.79,26.54,0,11.74,16.14,47.43,2.23,6.43,4.65,417,Severe
Ahmedabad,152.03,0,10.97,12.7,23.67,0,10.97,16.78,56.43,1.56,5.4,4.23,390,Very Poor
Ahmedabad,176.02,0,7.51,12.78,20.66,0,7.51,66.19,35,0.79,2.16,1.69,361,Very Poor
Ahmedabad,0,0,0,0,0,0,0,0,0,0,0,0,0,0
Ahmedabad,0,0,0,0,0,0,0,0,0,0,0,0,0,0
Ahmedabad,0,0,0,0,0,0,0,0,0,0,0,0,0,0
Ahmedabad,0,0,0,0,0,0,0,0,0,0,0,0,0,0
Ahmedabad,0,0,0,0,0,0,0,0,0,0,0,0,0,0
Ahmedabad,0,0,0,0,0,0,0,0,0,0,0,0,0,0
Ahmedabad,0,0,0,0,0,0,0,0,0,0,0,0,0,0
Ahmedabad,0,0,0,0,0,0,0,0,0,0,0,0,0,0
Ahmedabad,0,0,0,0,0,0,0,0,0,0,0,0,0,0
Ahmedabad,0,0,0,0,0,0,0,0,0,0,0,0,0,0
Ahmedabad,0,0,0,0,0,0,0,0,0,0,0,0,0,0
Ahmedabad,0,0,0,0,0,0,0,0,0,0,0,0,0,0
Ahmedabad,0,0,0,0,0,0,0,0,0,0,0,0,0,0
Ahmedabad,0,0,0,0,0,0,0,0,0,0,0,0,0,0
Ahmedabad,0,0,0,0,0,0,0,0,0,0,0,0,0,0
Ahmedabad,0,0,0,0,0,0,0,0,0,0,0,0,0,0
Ahmedabad,0,0,0,0,0,0,0,0,0,0,0,0,0,0
Ahmedabad,0,0,0,0,0,0,0,0,0,0,0,0,0,0
Ahmedabad,0,0,0,0,0,0,0,0,0,0,0,0,0,0
Ahmedabad,0,0,0,0,0,0,0,0,0,0,0,0,0,0
Ahmedabad,0,0,0,0,0,0,0,0,0,0,0,0,0,0
Ahmedabad,0,0,0,0,0,0,0,0,0,0,0,0,0,0
Ahmedabad,0,0,0,0,0,0,0,0,0,0,0,0,0,0
Ahmedabad,0,0,0,0,0,0,0,0,0,0,0,0,0,0
Ahmedabad,0,0,0,0,0,0,0,0,0,0,0,0,0,0
Ahmedabad,0,0,0,0,0,0,0,0,0,0,0,0,0,0
Ahmedabad,0,0,0,0,0,0,0,0,0,0,0,0,0,0
Ahmedabad,0,0,0,0,0,0,0,0,0,0,0,0,0,0
Ahmedabad,0,0,0,0,0,0,0,0,0,0,0,0,0,0
Ahmedabad,0,0,0,0,0,0,0,0,0,0,0,0,0,0
Ahmedabad,0,0,0,0,0,0,0,0,0,0,0,0,0,0
Ahmedabad,0,0,0,0,0,0,0,0,0,0,0,0,0,0
Ahmedabad,0,0,0,0,0,0,0,0,0,0,0,0,0,0
Ahmedabad,0,0,0,0,0,0,0,0,0,0,0,0,0,0
Ahmedabad,0,0,0,0,0,0,0,0,0,0,0,0,0,0
Ahmedabad,0,0,0,0,0,0,0,0,0,0,0,0,0,0
Ahmedabad,0,0,0,0,0,0,0,0,0,0,0,0,0,0
Ahmedabad,0,0,0,0,0,0,0,0,0,0,0,0,0,0
Ahmedabad,0,0,0,0,0,0,0,0,0,0,0,0,0,0
Ahmedabad,0,0,0,0,0,0,0,0,0,0,0,0,0,0
Ahmedabad,0,0,0,0,0,0,0,0,0,0,0,0,0,0
Ahmedabad,0,0,0,0,0,0,0,0,0,0,0,0,0,0
Ahmedabad,0,0,0,0,0,0,0,0,0,0,0,0,0,0
Ahmedabad,0,0,0,0,0,0,0,0,0,0,0,0,0,0
Ahmedabad,0,0,0,0,0,0,0,0,0,0,0,0,0,0
Ahmedabad,0,0,0,0,0,0,0,0,0,0,0,0,0,0
Ahmedabad,0,0,0,0,0,0,0,0,0,0,0,0,0,0
Ahmedabad,0,0,0,0,0,0,0,0,0,0,0,0,0,0
Ahmedabad,0,0,0,0,0,0,0,0,0,0,0,0,0,0
Ahmedabad,0,0,0,0,0,0,0,0,0,0,0,0,0,0
Ahmedabad,0,0,0,0,0,0,0,0,0,0,0,0,0,0
Ahmedabad,0,0,0,0,0,0,0,0,0,0,0,0,0,0
Ahmedabad,0,0,0,0,0,0,0,0,0,0,0,0,0,0
Ahmedabad,0,0,0,0,0,0,0,0,0,0,0,0,0,0
Ahmedabad,0,0,0,0,0,0,0,0,0,0,0,0,0,0
Ahmedabad,0,0,0,0,0,0,0,0,0,0,0,0,0,0
Ahmedabad,0,0,0,0,0,0,0,0,0,0,0,0,0,0
Ahmedabad,0,0,0,0,0,0,0,0,0,0,0,0,0,0
Ahmedabad,0,0,0,0,0,0,0,0,0,0,0,0,0,0
Ahmedabad,0,0,0,0,0,0,0,0,0,0,0,0,0,0
Ahmedabad,0,0,0,0,0,0,0,0,0,0,0,0,0,0
Ahmedabad,0,0,0,0,0,0,0,0,0,0,0,0,0,0
Ahmedabad,0,0,0,0,0,0,0,0,0,0,0,0,0,0
Ahmedabad,0,0,0,0,0,0,0,0,0,0,0,0,0,0
Ahmedabad,0,0,0,0,0,0,0,0,0,0,0,0,0,0
Ahmedabad,0,0,0,0,0,0,0,0,0,0,0,0,0,0
Ahmedabad,0,0,0,0,0,0,0,0,0,0,0,0,0,0
Ahmedabad,0,0,0,0,0,0,0,0,0,0,0,0,0,0
Ahmedabad,0,0,0,0,0,0,0,0,0,0,0,0,0,0
Ahmedabad,0,0,0,0,0,0,0,0,0,0,0,0,0,0
Ahmedabad,0,0,0,0,0,0,0,0,0,0,0,0,0,0
Ahmedabad,0,0,0,0,0,0,0,0,0,0,0,0,0,0
Ahmedabad,0,0,0,0,0,0,0,0,0,0,0,0,0,0
Ahmedabad,0,0,0,0,0,0,0,0,0,0,0,0,0,0
Ahmedabad,0,0,0,0,0,0,0,0,0,0,0,0,0,0
Ahmedabad,0,0,0,0,0,0,0,0,0,0,0,0,0,0
Ahmedabad,0,0,0,0,0,0,0,0,0,0,0,0,0,0
Ahmedabad,0,0,0,0,0,0,0,0,0,0,0,0,0,0
Ahmedabad,0,0,0,0,0,0,0,0,0,0,0,0,0,0
Ahmedabad,0,0,0,0,0,0,0,0,0,0,0,0,0,0
Ahmedabad,0,0,0,0,0,0,0,0,0,0,0,0,0,0
Ahmedabad,0,0,0,0,0,0,0,0,0,0,0,0,0,0
Ahmedabad,0,0,0,0,0,0,0,0,0,0,0,0,0,0
Ahmedabad,0,0,0,0,0,0,0,0,0,0,0,0,0,0
Ahmedabad,0,0,0,0,0,0,0,0,0,0,0,0,0,0
Ahmedabad,0,0,0,0,0,0,0,0,0,0,0,0,0,0
Ahmedabad,0,0,0,0,0,0,0,0,0,0,0,0,0,0
Ahmedabad,0,0,0,0,0,0,0,0,0,0,0,0,0,0
Ahmedabad,0,0,0,0,0,0,0,0,0,0,0,0,0,0
Ahmedabad,0,0,0,0,0,0,0,0,0,0,0,0,0,0
Ahmedabad,0,0,0,0,0,0,0,0,0,0,0,0,0,0
Ahmedabad,0,0,0,0,0,0,0,0,0,0,0,0,0,0
Ahmedabad,0,0,0,0,0,0,0,0,0,0,0,0,0,0
Ahmedabad,0,0,0,0,0,0,0,0,0,0,0,0,0,0
Ahmedabad,0,0,0,0,0,0,0,0,0,0,0,0,0,0
Ahmedabad,0,0,0,0,0,0,0,0,0,0,0,0,0,0
Ahmedabad,0,0,0,0,0,0,0,0,0,0,0,0,0,0
Ahmedabad,0,0,0,0,0,0,0,0,0,0,0,0,0,0
Ahmedabad,0,0,0,0,0,0,0,0,0,0,0,0,0,0
Ahmedabad,0,0,0,0,0,0,0,0,0,0,0,0,0,0
Ahmedabad,0,0,0,0,0,0,0,0,0,0,0,0,0,0
Ahmedabad,0,0,0,0,0,0,0,0,0,0,0,0,0,0
Ahmedabad,0,0,0,0,0,0,0,0,0,0,0,0,0,0
Ahmedabad,0,0,0,0,0,0,0,0,0,0,0,0,0,0
Ahmedabad,0,0,0,0,0,0,0,0,0,0,0,0,0,0
Ahmedabad,0,0,0,0,0,0,0,0,0,0,0,0,0,0
Ahmedabad,0,0,0,0,0,0,0,0,0,0,0,0,0,0
Ahmedabad,0,0,0,0,0,0,0,0,0,0,0,0,0,0
Ahmedabad,0,0,0,0,0,0,0,0,0,0,0,0,0,0
Ahmedabad,0,0,0,0,0,0,0,0,0,0,0,0,0,0
Ahmedabad,0,0,0,0,0,0,0,0,0,0,0,0,0,0
Ahmedabad,0,0,0,0,0,0,0,0,0,0,0,0,0,0
Ahmedabad,0,0,0,0,0,0,0,0,0,0,0,0,0,0
Ahmedabad,0,0,0,0,0,0,0,0,0,0,0,0,0,0
Ahmedabad,0,0,0,0,0,0,0,0,0,0,0,0,0,0
Ahmedabad,0,0,0,0,0,0,0,0,0,0,0,0,0,0
Ahmedabad,0,0,0,0,0,0,0,0,0,0,0,0,0,0
Ahmedabad,0,0,0,0,0,0,0,0,0,0,0,0,0,0
Ahmedabad,0,0,0,0,0,0,0,0,0,0,0,0,0,0
Ahmedabad,0,0,0,0,0,0,0,0,0,0,0,0,0,0
Ahmedabad,0,0,0,0,0,0,0,0,0,0,0,0,0,0
Ahmedabad,0,0,0,0,0,0,0,0,0,0,0,0,0,0
Ahmedabad,0,0,0,0,0,0,0,0,0,0,0,0,0,0
Ahmedabad,0,0,0,0,0,0,0,0,0,0,0,0,0,0
Ahmedabad,0,0,0,0,0,0,0,0,0,0,0,0,0,0
Ahmedabad,0,0,0,0,0,0,0,0,0,0,0,0,0,0
Ahmedabad,0,0,0,0,0,0,0,0,0,0,0,0,0,0
Ahmedabad,0,0,0,0,0,0,0,0,0,0,0,0,0,0
Ahmedabad,0,0,0,0,0,0,0,0,0,0,0,0,0,0
Ahmedabad,0,0,0,0,0,0,0,0,0,0,0,0,0,0
Ahmedabad,0,0,0,0,0,0,0,0,0,0,0,0,0,0
Ahmedabad,0,0,0,0,0,0,0,0,0,0,0,0,0,0
Ahmedabad,0,0,0,0,0,0,0,0,0,0,0,0,0,0
Ahmedabad,0,0,0,0,0,0,0,0,0,0,0,0,0,0
Ahmedabad,0,0,0,0,0,0,0,0,0,0,0,0,0,0
Ahmedabad,0,0,0,0,0,0,0,0,0,0,0,0,0,0
Ahmedabad,0,0,0,0,0,0,0,0,0,0,0,0,0,0
Ahmedabad,0,0,0,0,0,0,0,0,0,0,0,0,0,0
Ahmedabad,0,0,0,0,0,0,0,0,0,0,0,0,0,0
Ahmedabad,0,0,0,0,0,0,0,0,0,0,0,0,0,0
Ahmedabad,0,0,0,0,0,0,0,0,0,0,0,0,0,0
Ahmedabad,0,0,0,0,0,0,0,0,0,0,0,0,0,0
Ahmedabad,0,0,0,0,0,0,0,0,0,0,0,0,0,0
Ahmedabad,0,0,0,0,0,0,0,0,0,0,0,0,0,0
Ahmedabad,0,0,0,0,0,0,0,0,0,0,0,0,0,0
Ahmedabad,0,0,0,0,0,0,0,0,0,0,0,0,0,0
Ahmedabad,0,0,0,0,0,0,0,0,0,0,0,0,0,0
Ahmedabad,0,0,0,0,0,0,0,0,0,0,0,0,0,0
Ahmedabad,0,0,0,0,0,0,0,0,0,0,0,0,0,0
Ahmedabad,0,0,0,0,0,0,0,0,0,0,0,0,0,0
Ahmedabad,0,0,0,0,0,0,0,0,0,0,0,0,0,0
Ahmedabad,0,0,0,0,0,0,0,0,0,0,0,0,0,0
Ahmedabad,0,0,0,0,0,0,0,0,0,0,0,0,0,0
Ahmedabad,0,0,0,0,0,0,0,0,0,0,0,0,0,0
Ahmedabad,0,0,0,0,0,0,0,0,0,0,0,0,0,0
Ahmedabad,0,0,0,0,0,0,0,0,0,0,0,0,0,0
Ahmedabad,0,0,0,0,0,0,0,0,0,0,0,0,0,0
Ahmedabad,0,0,0,0,0,0,0,0,0,0,0,0,0,0
Ahmedabad,0,0,0,0,0,0,0,0,0,0,0,0,0,0
Ahmedabad,0,0,0,0,0,0,0,0,0,0,0,0,0,0
Ahmedabad,0,0,0,0,0,0,0,0,0,0,0,0,0,0
Ahmedabad,0,0,0,0,0,0,0,0,0,0,0,0,0,0
Ahmedabad,0,0,0,0,0,0,0,0,0,0,0,0,0,0
Ahmedabad,0,0,0,0,0,0,0,0,0,0,0,0,0,0
Ahmedabad,0,0,0,0,0,0,0,0,0,0,0,0,0,0
Ahmedabad,0,0,0,0,0,0,0,0,0,0,0,0,0,0
Ahmedabad,0,0,0,0,0,0,0,0,0,0,0,0,0,0
Ahmedabad,0,0,0,0,0,0,0,0,0,0,0,0,0,0
Ahmedabad,0,0,0,0,0,0,0,0,0,0,0,0,0,0
Ahmedabad,0,0,0,0,0,0,0,0,0,0,0,0,0,0
Ahmedabad,0,0,0,0,0,0,0,0,0,0,0,0,0,0
Ahmedabad,0,0,0,0,0,0,0,0,0,0,0,0,0,0
Ahmedabad,0,0,0,0,0,0,0,0,0,0,0,0,0,0
Ahmedabad,0,0,0,0,0,0,0,0,0,0,0,0,0,0
Ahmedabad,0,0,0,0,0,0,0,0,0,0,0,0,0,0
Ahmedabad,0,0,0,0,0,0,0,0,0,0,0,0,0,0
Ahmedabad,0,0,0,0,0,0,0,0,0,0,0,0,0,0
Ahmedabad,0,0,0,0,0,0,0,0,0,0,0,0,0,0
Ahmedabad,0,0,0,0,0,0,0,0,0,0,0,0,0,0
Ahmedabad,0,0,0,0,0,0,0,0,0,0,0,0,0,0
Ahmedabad,0,0,0,0,0,0,0,0,0,0,0,0,0,0
Ahmedabad,0,0,0,0,0,0,0,0,0,0,0,0,0,0
Ahmedabad,0,0,0,0,0,0,0,0,0,0,0,0,0,0
Ahmedabad,0,0,0,0,0,0,0,0,0,0,0,0,0,0
Ahmedabad,0,0,0,0,0,0,0,0,0,0,0,0,0,0
Ahmedabad,0,0,0,0,0,0,0,0,0,0,0,0,0,0
Ahmedabad,0,0,0,0,0,0,0,0,0,0,0,0,0,0
Ahmedabad,0,0,0,0,0,0,0,0,0,0,0,0,0,0
Ahmedabad,0,0,0,0,0,0,0,0,0,0,0,0,0,0
Ahmedabad,0,0,0,0,0,0,0,0,0,0,0,0,0,0
Ahmedabad,0,0,0,0,0,0,0,0,0,0,0,0,0,0
Ahmedabad,0,0,0,0,0,0,0,0,0,0,0,0,0,0
Ahmedabad,0,0,0,0,0,0,0,0,0,0,0,0,0,0
Ahmedabad,0,0,0,0,0,0,0,0,0,0,0,0,0,0
Ahmedabad,0,0,0,0,0,0,0,0,0,0,0,0,0,0
Ahmedabad,0,0,0,0,0,0,0,0,0,0,0,0,0,0
Ahmedabad,0,0,0,0,0,0,0,0,0,0,0,0,0,0
Ahmedabad,0,0,0,0,0,0,0,0,0,0,0,0,0,0
Ahmedabad,0,0,0,0,0,0,0,0,0,0,0,0,0,0
Ahmedabad,0,0,0,0,0,0,0,0,0,0,0,0,0,0
Ahmedabad,0,0,0,0,0,0,0,0,0,0,0,0,0,0
Ahmedabad,0,0,0,0,0,0,0,0,0,0,0,0,0,0
Ahmedabad,0,0,0,0,0,0,0,0,0,0,0,0,0,0
Ahmedabad,0,0,0,0,0,0,0,0,0,0,0,0,0,0
Ahmedabad,0,0,0,0,0,0,0,0,0,0,0,0,0,0
Ahmedabad,0,0,0,0,0,0,0,0,0,0,0,0,0,0
Ahmedabad,0,0,0,0,0,0,0,0,0,0,0,0,0,0
Ahmedabad,0,0,0,0,0,0,0,0,0,0,0,0,0,0
Ahmedabad,0,0,0,0,0,0,0,0,0,0,0,0,0,0
Ahmedabad,0,0,0,0,0,0,0,0,0,0,0,0,0,0
Ahmedabad,0,0,0,0,0,0,0,0,0,0,0,0,0,0
Ahmedabad,0,0,0,0,0,0,0,0,0,0,0,0,0,0
Ahmedabad,0,0,0,0,0,0,0,0,0,0,0,0,0,0
Ahmedabad,0,0,0,0,0,0,0,0,0,0,0,0,0,0
Ahmedabad,0,0,0,0,0,0,0,0,0,0,0,0,0,0
Ahmedabad,0,0,0,0,0,0,0,0,0,0,0,0,0,0
Ahmedabad,0,0,0,0,0,0,0,0,0,0,0,0,0,0
Ahmedabad,0,0,0,0,0,0,0,0,0,0,0,0,0,0
Ahmedabad,0,0,0,0,0,0,0,0,0,0,0,0,0,0
Ahmedabad,0,0,0,0,0,0,0,0,0,0,0,0,0,0
Ahmedabad,0,0,0,0,0,0,0,0,0,0,0,0,0,0
Ahmedabad,0,0,0,0,0,0,0,0,0,0,0,0,0,0
Ahmedabad,0,0,0,0,0,0,0,0,0,0,0,0,0,0
Ahmedabad,0,0,0,0,0,0,0,0,0,0,0,0,0,0
Ahmedabad,0,0,0,0,0,0,0,0,0,0,0,0,0,0
Ahmedabad,0,0,0,0,0,0,0,0,0,0,0,0,0,0
Ahmedabad,0,0,0,0,0,0,0,0,0,0,0,0,0,0
Ahmedabad,0,0,0,0,0,0,0,0,0,0,0,0,0,0
Ahmedabad,0,0,0,0,0,0,0,0,0,0,0,0,0,0
Ahmedabad,0,0,0,0,0,0,0,0,0,0,0,0,0,0
Ahmedabad,0,0,0,0,0,0,0,0,0,0,0,0,0,0
Ahmedabad,0,0,0,0,0,0,0,0,0,0,0,0,0,0
Ahmedabad,0,0,0,0,0,0,0,0,0,0,0,0,0,0
Ahmedabad,0,0,0,0,0,0,0,0,0,0,0,0,0,0
Ahmedabad,0,0,0,0,0,0,0,0,0,0,0,0,0,0
Ahmedabad,0,0,0,0,0,0,0,0,0,0,0,0,0,0
Ahmedabad,0,0,0,0,0,0,0,0,0,0,0,0,0,0
Ahmedabad,0,0,0,0,0,0,0,0,0,0,0,0,0,0
Ahmedabad,0,0,0,0,0,0,0,0,0,0,0,0,0,0
Ahmedabad,0,0,0,0,0,0,0,0,0,0,0,0,0,0
Ahmedabad,0,0,0,0,0,0,0,0,0,0,0,0,0,0
Ahmedabad,0,0,0,0,0,0,0,0,0,0,0,0,0,0
Ahmedabad,0,0,0,0,0,0,0,0,0,0,0,0,0,0
Ahmedabad,0,0,0,0,0,0,0,0,0,0,0,0,0,0
Ahmedabad,0,0,0,0,0,0,0,0,0,0,0,0,0,0
Ahmedabad,0,0,0,0,0,0,0,0,0,0,0,0,0,0
Ahmedabad,0,0,0,0,0,0,0,0,0,0,0,0,0,0
Ahmedabad,0,0,0,0,0,0,0,0,0,0,0,0,0,0
Ahmedabad,0,0,0,0,0,0,0,0,0,0,0,0,0,0
Ahmedabad,0,0,0,0,0,0,0,0,0,0,0,0,0,0
Ahmedabad,0,0,0,0,0,0,0,0,0,0,0,0,0,0
Ahmedabad,0,0,0,0,0,0,0,0,0,0,0,0,0,0
Ahmedabad,0,0,0,0,0,0,0,0,0,0,0,0,0,0
Ahmedabad,0,0,0,0,0,0,0,0,0,0,0,0,0,0
Ahmedabad,0,0,0,0,0,0,0,0,0,0,0,0,0,0
Ahmedabad,0,0,0,0,0,0,0,0,0,0,0,0,0,0
Ahmedabad,0,0,0,0,0,0,0,0,0,0,0,0,0,0
Ahmedabad,0,0,0,0,0,0,0,0,0,0,0,0,0,0
Ahmedabad,0,0,0,0,0,0,0,0,0,0,0,0,0,0
Ahmedabad,0,0,0,0,0,0,0,0,0,0,0,0,0,0
Ahmedabad,0,0,0,0,0,0,0,0,0,0,0,0,0,0
Ahmedabad,0,0,0,0,0,0,0,0,0,0,0,0,0,0
Ahmedabad,0,0,0,0,0,0,0,0,0,0,0,0,0,0
Ahmedabad,0,0,0,0,0,0,0,0,0,0,0,0,0,0
Ahmedabad,0,0,0,0,0,0,0,0,0,0,0,0,0,0
Ahmedabad,0,0,0,0,0,0,0,0,0,0,0,0,0,0
Ahmedabad,0,0,0,0,0,0,0,0,0,0,0,0,0,0
Ahmedabad,0,0,0,0,0,0,0,0,0,0,0,0,0,0
Ahmedabad,0,0,0,0,0,0,0,0,0,0,0,0,0,0
Ahmedabad,0,0,0,0,0,0,0,0,0,0,0,0,0,0
Ahmedabad,0,0,0,0,0,0,0,0,0,0,0,0,0,0
Ahmedabad,0,0,0,0,0,0,0,0,0,0,0,0,0,0
Ahmedabad,0,0,0,0,0,0,0,0,0,0,0,0,0,0
Ahmedabad,0,0,0,0,0,0,0,0,0,0,0,0,0,0
Ahmedabad,0,0,0,0,0,0,0,0,0,0,0,0,0,0
Ahmedabad,0,0,0,0,0,0,0,0,0,0,0,0,0,0
Ahmedabad,0,0,0,0,0,0,0,0,0,0,0,0,0,0
Ahmedabad,0,0,0,0,0,0,0,0,0,0,0,0,0,0
Ahmedabad,0,0,0,0,0,0,0,0,0,0,0,0,0,0
Ahmedabad,0,0,0,0,0,0,0,0,0,0,0,0,0,0
Ahmedabad,0,0,0,0,0,0,0,0,0,0,0,0,0,0
Ahmedabad,0,0,0,0,0,0,0,0,0,0,0,0,0,0
Ahmedabad,0,0,0,0,0,0,0,0,0,0,0,0,0,0
Ahmedabad,0,0,0,0,0,0,0,0,0,0,0,0,0,0
Ahmedabad,0,0,0,0,0,0,0,0,0,0,0,0,0,0
Ahmedabad,0,0,0,0,0,0,0,0,0,0,0,0,0,0
Ahmedabad,0,0,0,0,0,0,0,0,0,0,0,0,0,0
Ahmedabad,0,0,0,0,0,0,0,0,0,0,0,0,0,0
Ahmedabad,0,0,0,0,0,0,0,0,0,0,0,0,0,0
Ahmedabad,0,0,0,0,0,0,0,0,0,0,0,0,0,0
Ahmedabad,0,0,0,0,0,0,0,0,0,0,0,0,0,0
Ahmedabad,0,0,0,0,0,0,0,0,0,0,0,0,0,0
Ahmedabad,0,0,0,0,0,0,0,0,0,0,0,0,0,0
Ahmedabad,0,0,0,0,0,0,0,0,0,0,0,0,0,0
Ahmedabad,0,0,0,0,0,0,0,0,0,0,0,0,0,0
Ahmedabad,0,0,0,0,0,0,0,0,0,0,0,0,0,0
Ahmedabad,0,0,0,0,0,0,0,0,0,0,0,0,0,0
Ahmedabad,0,0,0,0,0,0,0,0,0,0,0,0,0,0
Ahmedabad,0,0,0,0,0,0,0,0,0,0,0,0,0,0
Ahmedabad,0,0,0,0,0,0,0,0,0,0,0,0,0,0
Ahmedabad,0,0,0,0,0,0,0,0,0,0,0,0,0,0
Ahmedabad,0,0,0,0,0,0,0,0,0,0,0,0,0,0
Ahmedabad,0,0,0,0,0,0,0,0,0,0,0,0,0,0
Ahmedabad,0,0,0,0,0,0,0,0,0,0,0,0,0,0
Ahmedabad,0,0,0,0,0,0,0,0,0,0,0,0,0,0
Ahmedabad,0,0,0,0,0,0,0,0,0,0,0,0,0,0
Ahmedabad,0,0,0,0,0,0,0,0,0,0,0,0,0,0
Ahmedabad,0,0,0,0,0,0,0,0,0,0,0,0,0,0
Ahmedabad,0,0,0,0,0,0,0,0,0,0,0,0,0,0
Ahmedabad,0,0,0,0,0,0,0,0,0,0,0,0,0,0
Ahmedabad,0,0,0,0,0,0,0,0,0,0,0,0,0,0
Ahmedabad,0,0,0,0,0,0,0,0,0,0,0,0,0,0
Ahmedabad,0,0,0,0,0,0,0,0,0,0,0,0,0,0
Ahmedabad,0,0,0,0,0,0,0,0,0,0,0,0,0,0
Ahmedabad,0,0,0,0,0,0,0,0,0,0,0,0,0,0
Ahmedabad,0,0,0,0,0,0,0,0,0,0,0,0,0,0
Ahmedabad,0,0,0,0,0,0,0,0,0,0,0,0,0,0
Ahmedabad,0,0,0,0,0,0,0,0,0,0,0,0,0,0
Ahmedabad,0,0,0,0,0,0,0,0,0,0,0,0,0,0
Ahmedabad,0,0,0,0,0,0,0,0,0,0,0,0,0,0
Ahmedabad,0,0,0,0,0,0,0,0,0,0,0,0,0,0
Ahmedabad,0,0,0,0,0,0,0,0,0,0,0,0,0,0
Ahmedabad,0,0,0,0,0,0,0,0,0,0,0,0,0,0
Ahmedabad,0,0,0,0,0,0,0,0,0,0,0,0,0,0
Ahmedabad,0,0,0,0,0,0,0,0,0,0,0,0,0,0
